const uint8_t binary_limine_hdd_bin_data[] = {
    0xeb, 0x3c, 0x90, 0x4c, 0x49, 0x4d, 0x49, 0x4e, 0x45, 0x20, 0x20, 0x00, 0x02, 0x00, 0x00, 0x00,
    0x00, 0x00, 0x00, 0x00, 0x00, 0x00, 0x00, 0x00, 0x12, 0x00, 0x02, 0x00, 0x00, 0x00, 0x00, 0x00,
    0x00, 0x00, 0x00, 0x00, 0x00, 0x00, 0x00, 0x00, 0x00, 0x00, 0x00, 0x4c, 0x49, 0x4d, 0x49, 0x4e,
    0x45, 0x20, 0x20, 0x20, 0x20, 0x20, 0x00, 0x00, 0x00, 0x00, 0x00, 0x00, 0x00, 0x00, 0xfa, 0xfc,
    0xea, 0x45, 0x7c, 0x00, 0x00, 0x31, 0xf6, 0x8e, 0xde, 0x8e, 0xc6, 0x8e, 0xd6, 0xbc, 0x00, 0x7c,
    0xfb, 0x80, 0xfa, 0x80, 0x0f, 0x82, 0x10, 0x01, 0x80, 0xfa, 0x8f, 0x0f, 0x87, 0x08, 0x01, 0xb4,
    0x41, 0xbb, 0xaa, 0x55, 0xcd, 0x13, 0x0f, 0x82, 0xfc, 0x00, 0x81, 0xfb, 0x55, 0xaa, 0x0f, 0x85,
    0xf3, 0x00, 0x68, 0x00, 0x70, 0x07, 0xbf, 0xa8, 0x7d, 0x66, 0x8b, 0x05, 0x66, 0x8b, 0x6d, 0x04,
    0x31, 0xdb, 0x66, 0x31, 0xc9, 0x8b, 0x4d, 0xfc, 0xe8, 0x55, 0x00, 0x0f, 0x82, 0xd5, 0x00, 0x66,
    0x8b, 0x45, 0x08, 0x66, 0x8b, 0x6d, 0x0c, 0x01, 0xcb, 0x8b, 0x4d, 0xfe, 0xe8, 0x41, 0x00, 0x0f,
    0x82, 0xc0, 0x00, 0x0f, 0x01, 0x16, 0x4d, 0x7d, 0xfa, 0x0f, 0x20, 0xc0, 0x0f, 0xba, 0xe8, 0x00,
    0x0f, 0x22, 0xc0, 0xea, 0x79, 0x7d, 0x08, 0x00, 0x00, 0x00, 0x00, 0x00, 0x00, 0x00, 0x00, 0x00,
    0x00, 0x00, 0x00, 0x00, 0x00, 0x00, 0x00, 0x00, 0x00, 0x00, 0x00, 0x00, 0x00, 0x00, 0x00, 0x00,
    0x00, 0x00, 0x00, 0x00, 0x00, 0x00, 0x00, 0x00, 0x00, 0x00, 0x00, 0x00, 0x00, 0x00, 0x00, 0x00,
    0x60, 0xbe, 0x00, 0x80, 0xc7, 0x04, 0x10, 0x00, 0xc7, 0x44, 0x02, 0x01, 0x00, 0x89, 0x5c, 0x04,
    0x8c, 0x44, 0x06, 0x52, 0x56, 0x66, 0x50, 0x66, 0x55, 0xb4, 0x48, 0xbe, 0x10, 0x80, 0xc7, 0x04,
    0x1e, 0x00, 0xcd, 0x13, 0x72, 0x45, 0x8b, 0x6c, 0x18, 0x89, 0xc8, 0x66, 0xc1, 0xe9, 0x10, 0x89,
    0xca, 0x31, 0xc9, 0xf7, 0xf5, 0x85, 0xd2, 0x0f, 0x95, 0xc1, 0x01, 0xc1, 0x66, 0x5a, 0x66, 0x58,
    0x5e, 0x66, 0xf7, 0xf5, 0x66, 0x89, 0x44, 0x08, 0x66, 0xc7, 0x44, 0x0c, 0x00, 0x00, 0x00, 0x00,
    0x5a, 0xb4, 0x42, 0xf8, 0xcd, 0x13, 0x72, 0x13, 0x01, 0x6c, 0x04, 0x66, 0x31, 0xdb, 0x66, 0xff,
    0x44, 0x08, 0x0f, 0x90, 0xc3, 0x66, 0x01, 0x5c, 0x0c, 0xe2, 0xe6, 0x61, 0xc3, 0x17, 0x00, 0x4b,
    0x7d, 0x00, 0x00, 0xff, 0xff, 0x00, 0x00, 0x00, 0x9b, 0xcf, 0x00, 0xff, 0xff, 0x00, 0x00, 0x00,
    0x93, 0xcf, 0x00, 0x46, 0x46, 0x46, 0x46, 0x46, 0x81, 0xc6, 0x30, 0x4f, 0x68, 0x00, 0xb8, 0x07,
    0x26, 0x89, 0x36, 0x00, 0x00, 0xfb, 0xf4, 0xeb, 0xfd, 0xb8, 0x10, 0x00, 0x00, 0x00, 0x8e, 0xd8,
    0x8e, 0xc0, 0x8e, 0xe0, 0x8e, 0xe8, 0x8e, 0xd0, 0x81, 0xe2, 0xff, 0x00, 0x00, 0x00, 0x6a, 0x00,
    0x52, 0x68, 0x38, 0x3e, 0x00, 0x00, 0x68, 0x00, 0x0b, 0x07, 0x00, 0xe8, 0x60, 0x82, 0x06, 0x00,
    0x00, 0x00, 0x00, 0x00, 0x00, 0x00, 0x00, 0x00, 0x00, 0x00, 0x00, 0x00, 0x00, 0x00, 0x00, 0x00,
    0x00, 0x00, 0x00, 0x00, 0x00, 0x00, 0x00, 0x00, 0x00, 0x00, 0x00, 0x00, 0x00, 0x00, 0x00, 0x00,
    0x00, 0x00, 0x00, 0x00, 0x00, 0x00, 0x00, 0x00, 0x00, 0x00, 0x00, 0x00, 0x00, 0x00, 0x00, 0x00,
    0x00, 0x00, 0x00, 0x00, 0x00, 0x00, 0x00, 0x00, 0x00, 0x00, 0x00, 0x00, 0x00, 0x00, 0x00, 0x00,
    0x00, 0x00, 0x00, 0x00, 0x00, 0x00, 0x00, 0x00, 0x00, 0x00, 0x00, 0x00, 0x00, 0x00, 0x00, 0x00,
    0x00, 0x00, 0x00, 0x00, 0x00, 0x00, 0x00, 0x00, 0x00, 0x00, 0x00, 0x00, 0x00, 0x00, 0x55, 0xaa,
    0xfc, 0x30, 0xc0, 0xbf, 0xff, 0x0a, 0x07, 0x00, 0xb9, 0xff, 0x0a, 0x07, 0x00, 0x81, 0xe9, 0xff,
    0x0a, 0x07, 0x00, 0xf3, 0xaa, 0xe9, 0x00, 0x00, 0x00, 0x00, 0x57, 0x56, 0x0f, 0xb6, 0x74, 0x24,
    0x14, 0x8b, 0x7c, 0x24, 0x18, 0xff, 0x74, 0x24, 0x10, 0xff, 0x74, 0x24, 0x10, 0x68, 0x00, 0xf0,
    0x00, 0x00, 0xe8, 0x14, 0x00, 0x00, 0x00, 0x83, 0xc4, 0x0c, 0xbc, 0x00, 0xf0, 0x00, 0x00, 0x31,
    0xed, 0x57, 0x56, 0x6a, 0x00, 0x68, 0x00, 0xf0, 0x00, 0x00, 0xc3, 0x55, 0x53, 0x57, 0x56, 0x8b,
    0x54, 0x24, 0x1c, 0xb8, 0xfd, 0xff, 0xff, 0xff, 0x83, 0xfa, 0x12, 0x0f, 0x82, 0xa2, 0x00, 0x00,
    0x00, 0x8b, 0x4c, 0x24, 0x18, 0x80, 0x39, 0x1f, 0x0f, 0x85, 0x95, 0x00, 0x00, 0x00, 0x80, 0x79,
    0x01, 0x8b, 0x0f, 0x85, 0x8b, 0x00, 0x00, 0x00, 0x80, 0x79, 0x02, 0x08, 0x0f, 0x85, 0x81, 0x00,
    0x00, 0x00, 0x0f, 0xb6, 0x59, 0x03, 0x83, 0xfb, 0x1f, 0x77, 0x78, 0x8d, 0x71, 0x0a, 0xf6, 0xc3,
    0x04, 0x74, 0x0e, 0x0f, 0xb7, 0x3e, 0x8d, 0x6a, 0xf4, 0x39, 0xfd, 0x72, 0x66, 0x8d, 0x74, 0x3e,
    0x02, 0xf6, 0xc3, 0x08, 0x75, 0x04, 0x89, 0xf7, 0xeb, 0x13, 0x89, 0xf5, 0x29, 0xcd, 0x39, 0xd5,
    0x73, 0x51, 0x8d, 0x7e, 0x01, 0x45, 0x80, 0x3e, 0x00, 0x89, 0xfe, 0x75, 0xf1, 0x80, 0xfb, 0x10,
    0x73, 0x04, 0x89, 0xfd, 0xeb, 0x13, 0x89, 0xfe, 0x29, 0xce, 0x39, 0xd6, 0x73, 0x35, 0x8d, 0x6f,
    0x01, 0x46, 0x80, 0x3f, 0x00, 0x89, 0xef, 0x75, 0xf1, 0x83, 0xe3, 0x02, 0x01, 0xeb, 0x01, 0xd1,
    0x29, 0xd9, 0x83, 0xf9, 0x08, 0x7c, 0x1c, 0x83, 0xc1, 0xf8, 0x51, 0x53, 0xff, 0x74, 0x24, 0x1c,
    0xe8, 0x13, 0x00, 0x00, 0x00, 0x83, 0xc4, 0x0c, 0x31, 0xc9, 0x85, 0xc0, 0x0f, 0x94, 0xc1, 0x8d,
    0x44, 0x49, 0xfd, 0x5e, 0x5f, 0x5b, 0x5d, 0xc3, 0x55, 0x53, 0x57, 0x56, 0x81, 0xec, 0x38, 0x06,
    0x00, 0x00, 0x8b, 0x84, 0x24, 0x4c, 0x06, 0x00, 0x00, 0x8b, 0x8c, 0x24, 0x50, 0x06, 0x00, 0x00,
    0x8d, 0x54, 0x24, 0x30, 0x89, 0x4a, 0xe4, 0x03, 0x8c, 0x24, 0x54, 0x06, 0x00, 0x00, 0x89, 0x4a,
    0xe8, 0x31, 0xc9, 0x89, 0x4a, 0xec, 0x89, 0x4a, 0xf0, 0x89, 0x4a, 0xf4, 0x89, 0x42, 0xfc, 0x89,
    0x42, 0xf8, 0x8b, 0x54, 0x24, 0x20, 0x85, 0xd2, 0x7e, 0x0a, 0x8b, 0x44, 0x24, 0x1c, 0x89, 0x44,
    0x24, 0x04, 0xeb, 0x4a, 0x8b, 0x74, 0x24, 0x14, 0x8b, 0x44, 0x24, 0x18, 0x8b, 0x4c, 0x24, 0x1c,
    0x89, 0x4c, 0x24, 0x04, 0x89, 0xd1, 0x39, 0xc6, 0x74, 0x1e, 0x8d, 0x56, 0x01, 0x89, 0x54, 0x24,
    0x14, 0x0f, 0xb6, 0x36, 0xd3, 0xe6, 0x8b, 0x7c, 0x24, 0x04, 0x09, 0xf7, 0x89, 0x7c, 0x24, 0x04,
    0x89, 0x7c, 0x24, 0x1c, 0x89, 0xd6, 0xeb, 0x08, 0xc7, 0x44, 0x24, 0x24, 0x01, 0x00, 0x00, 0x00,
    0x8d, 0x51, 0x08, 0x89, 0x54, 0x24, 0x20, 0x83, 0xf9, 0xf9, 0x89, 0xd1, 0x7c, 0xc8, 0x8b, 0x6c,
    0x24, 0x04, 0xd1, 0xed, 0x89, 0x6c, 0x24, 0x1c, 0x8d, 0x4a, 0xff, 0x89, 0x4c, 0x24, 0x20, 0x83,
    0xf9, 0x01, 0x77, 0x41, 0x8b, 0x44, 0x24, 0x14, 0x8b, 0x74, 0x24, 0x18, 0x83, 0xc2, 0xf7, 0x8d,
    0x4a, 0x08, 0x39, 0xf0, 0x74, 0x16, 0x8d, 0x78, 0x01, 0x89, 0x7c, 0x24, 0x14, 0x0f, 0xb6, 0x18,
    0xd3, 0xe3, 0x09, 0xdd, 0x89, 0x6c, 0x24, 0x1c, 0x89, 0xf8, 0xeb, 0x08, 0xc7, 0x44, 0x24, 0x24,
    0x01, 0x00, 0x00, 0x00, 0x83, 0xc2, 0x10, 0x89, 0x54, 0x24, 0x20, 0x83, 0xf9, 0xfa, 0x89, 0xca,
    0x7c, 0xcd, 0x83, 0xc1, 0x08, 0x89, 0xee, 0x83, 0xe6, 0x03, 0xc1, 0xed, 0x02, 0x89, 0x6c, 0x24,
    0x1c, 0x8d, 0x51, 0xfe, 0x89, 0x54, 0x24, 0x20, 0xb8, 0xfd, 0xff, 0xff, 0xff, 0xff, 0x24, 0xb5,
    0x28, 0x0a, 0x07, 0x00, 0x8b, 0x4c, 0x24, 0x14, 0x8b, 0x54, 0x24, 0x18, 0x29, 0xca, 0x83, 0xfa,
    0x04, 0x0f, 0x8c, 0x48, 0x05, 0x00, 0x00, 0x0f, 0xb7, 0x19, 0x0f, 0xb7, 0x51, 0x02, 0x66, 0x31,
    0xda, 0x66, 0x83, 0xfa, 0xff, 0x0f, 0x85, 0x34, 0x05, 0x00, 0x00, 0x83, 0xc1, 0x04, 0x89, 0x4c,
    0x24, 0x14, 0x85, 0xdb, 0x74, 0x1d, 0x8b, 0x4c, 0x24, 0x14, 0x8b, 0x54, 0x24, 0x2c, 0x8d, 0x71,
    0x01, 0x8d, 0x7a, 0x01, 0x4b, 0x89, 0x74, 0x24, 0x14, 0x8a, 0x09, 0x89, 0x7c, 0x24, 0x2c, 0x88,
    0x0a, 0x75, 0xe3, 0x31, 0xc0, 0x89, 0x44, 0x24, 0x1c, 0x89, 0x44, 0x24, 0x20, 0xe9, 0xd8, 0x00,
    0x00, 0x00, 0xb8, 0xe0, 0xff, 0xff, 0xff, 0x66, 0xc7, 0x44, 0x04, 0x50, 0x00, 0x00, 0x83, 0xc0,
    0x02, 0x75, 0xf4, 0xc7, 0x44, 0x24, 0x3e, 0x18, 0x00, 0x98, 0x00, 0x66, 0xc7, 0x44, 0x24, 0x42,
    0x70, 0x00, 0xb8, 0xe8, 0xff, 0xff, 0xff, 0x8d, 0x88, 0x18, 0x01, 0x00, 0x00, 0x66, 0x89, 0x8c,
    0x44, 0x80, 0x00, 0x00, 0x00, 0x40, 0x75, 0xef, 0x31, 0xc0, 0x66, 0x89, 0x84, 0x44, 0x80, 0x00,
    0x00, 0x00, 0x40, 0x3d, 0x90, 0x00, 0x00, 0x00, 0x75, 0xf0, 0xb8, 0xf8, 0xff, 0xff, 0xff, 0x8d,
    0x88, 0x20, 0x01, 0x00, 0x00, 0x66, 0x89, 0x8c, 0x44, 0xb0, 0x01, 0x00, 0x00, 0x40, 0x75, 0xef,
    0xb8, 0x90, 0xff, 0xff, 0xff, 0x8d, 0x88, 0x00, 0x01, 0x00, 0x00, 0x66, 0x89, 0x8c, 0x44, 0x90,
    0x02, 0x00, 0x00, 0x40, 0x75, 0xef, 0xc7, 0x84, 0x24, 0x90, 0x02, 0x00, 0x00, 0x1d, 0x01, 0x00,
    0x00, 0xb8, 0xe0, 0xff, 0xff, 0xff, 0x66, 0xc7, 0x84, 0x04, 0xb4, 0x02, 0x00, 0x00, 0x00, 0x00,
    0x83, 0xc0, 0x02, 0x75, 0xf1, 0x66, 0xc7, 0x84, 0x24, 0x9e, 0x02, 0x00, 0x00, 0x20, 0x00, 0x31,
    0xc0, 0x66, 0x89, 0x84, 0x44, 0xb4, 0x02, 0x00, 0x00, 0x40, 0x83, 0xf8, 0x20, 0x75, 0xf2, 0xc7,
    0x84, 0x24, 0xf4, 0x04, 0x00, 0x00, 0x1d, 0x00, 0x00, 0x00, 0x8d, 0x4c, 0x24, 0x14, 0x8d, 0x54,
    0x24, 0x30, 0x8d, 0x84, 0x24, 0x94, 0x02, 0x00, 0x00, 0x50, 0xe8, 0x92, 0x04, 0x00, 0x00, 0x83,
    0xc4, 0x04, 0x85, 0xc0, 0x0f, 0x85, 0x25, 0x04, 0x00, 0x00, 0xf6, 0x44, 0x24, 0x04, 0x01, 0x0f,
    0x84, 0xed, 0xfd, 0xff, 0xff, 0xe9, 0xfd, 0x03, 0x00, 0x00, 0x83, 0xfa, 0x04, 0x77, 0x45, 0x89,
    0xc8, 0x8b, 0x4c, 0x24, 0x14, 0x8b, 0x74, 0x24, 0x18, 0x83, 0xc0, 0xf6, 0x8d, 0x50, 0x08, 0x39,
    0xf1, 0x74, 0x18, 0x8d, 0x79, 0x01, 0x89, 0x7c, 0x24, 0x14, 0x0f, 0xb6, 0x19, 0x89, 0xd1, 0xd3,
    0xe3, 0x09, 0xdd, 0x89, 0x6c, 0x24, 0x1c, 0x89, 0xf9, 0xeb, 0x08, 0xc7, 0x44, 0x24, 0x24, 0x01,
    0x00, 0x00, 0x00, 0x83, 0xc0, 0x10, 0x89, 0x44, 0x24, 0x20, 0x83, 0xfa, 0xfd, 0x89, 0xd0, 0x7c,
    0xcb, 0x83, 0xc2, 0x08, 0x89, 0xee, 0xc1, 0xee, 0x05, 0x89, 0x74, 0x24, 0x1c, 0x8d, 0x5a, 0xfb,
    0x89, 0x5c, 0x24, 0x20, 0x83, 0xfb, 0x04, 0x77, 0x47, 0x8b, 0x4c, 0x24, 0x14, 0x8b, 0x44, 0x24,
    0x18, 0x89, 0x04, 0x24, 0x83, 0xc2, 0xf3, 0x8d, 0x5a, 0x08, 0x3b, 0x0c, 0x24, 0x74, 0x18, 0x8d,
    0x41, 0x01, 0x89, 0x44, 0x24, 0x14, 0x0f, 0xb6, 0x39, 0x89, 0xd9, 0xd3, 0xe7, 0x09, 0xfe, 0x89,
    0x74, 0x24, 0x1c, 0x89, 0xc1, 0xeb, 0x08, 0xc7, 0x44, 0x24, 0x24, 0x01, 0x00, 0x00, 0x00, 0x83,
    0xc2, 0x10, 0x89, 0x54, 0x24, 0x20, 0x83, 0xfb, 0xfd, 0x89, 0xda, 0x7c, 0xca, 0x83, 0xc3, 0x08,
    0x89, 0xf0, 0xc1, 0xe8, 0x05, 0x89, 0x04, 0x24, 0x89, 0x44, 0x24, 0x1c, 0x8d, 0x43, 0xfb, 0x89,
    0x44, 0x24, 0x20, 0x83, 0xf8, 0x03, 0x77, 0x51, 0x89, 0x74, 0x24, 0x08, 0x8b, 0x7c, 0x24, 0x14,
    0x8b, 0x74, 0x24, 0x18, 0x83, 0xc3, 0xf3, 0x8d, 0x43, 0x08, 0x39, 0xf7, 0x74, 0x1e, 0x8d, 0x57,
    0x01, 0x89, 0x54, 0x24, 0x14, 0x0f, 0xb6, 0x3f, 0x89, 0xc1, 0xd3, 0xe7, 0x8b, 0x0c, 0x24, 0x09,
    0xf9, 0x89, 0x0c, 0x24, 0x89, 0x4c, 0x24, 0x1c, 0x89, 0xd7, 0xeb, 0x08, 0xc7, 0x44, 0x24, 0x24,
    0x01, 0x00, 0x00, 0x00, 0x83, 0xc3, 0x10, 0x89, 0x5c, 0x24, 0x20, 0x83, 0xf8, 0xfc, 0x89, 0xc3,
    0x7c, 0xc5, 0x83, 0xc0, 0x08, 0x8b, 0x74, 0x24, 0x08, 0x83, 0xe5, 0x1f, 0x8b, 0x14, 0x24, 0xc1,
    0xea, 0x04, 0x89, 0x54, 0x24, 0x1c, 0x83, 0xc0, 0xfc, 0x89, 0x44, 0x24, 0x20, 0x83, 0xfd, 0x1d,
    0xc7, 0x44, 0x24, 0x10, 0xfd, 0xff, 0xff, 0xff, 0x0f, 0x87, 0xdd, 0x02, 0x00, 0x00, 0x83, 0xe6,
    0x1f, 0x83, 0xfe, 0x1d, 0x0f, 0x87, 0xd1, 0x02, 0x00, 0x00, 0x81, 0xc5, 0x01, 0x01, 0x00, 0x00,
    0x89, 0x6c, 0x24, 0x0c, 0x46, 0x89, 0x74, 0x24, 0x08, 0x83, 0x24, 0x24, 0x0f, 0xb9, 0xed, 0xff,
    0xff, 0xff, 0xc6, 0x84, 0x0c, 0x0b, 0x05, 0x00, 0x00, 0x00, 0x41, 0x75, 0xf5, 0x83, 0x04, 0x24,
    0x03, 0x8b, 0x5c, 0x24, 0x14, 0x8b, 0x74, 0x24, 0x18, 0x31, 0xed, 0x83, 0xf8, 0x02, 0x7f, 0x36,
    0x89, 0xdf, 0x39, 0xf7, 0x74, 0x18, 0x8d, 0x5f, 0x01, 0x89, 0x5c, 0x24, 0x14, 0x0f, 0xb6, 0x3f,
    0x89, 0xc1, 0xd3, 0xe7, 0x09, 0xfa, 0x89, 0x54, 0x24, 0x1c, 0x89, 0xdf, 0xeb, 0x08, 0xc7, 0x44,
    0x24, 0x24, 0x01, 0x00, 0x00, 0x00, 0x8d, 0x48, 0x08, 0x89, 0x4c, 0x24, 0x20, 0x83, 0xf8, 0xfb,
    0x89, 0xc8, 0x7c, 0xce, 0xeb, 0x02, 0x89, 0xc1, 0x89, 0xd0, 0xc1, 0xe8, 0x03, 0x89, 0x44, 0x24,
    0x1c, 0x83, 0xc1, 0xfd, 0x89, 0x4c, 0x24, 0x20, 0x80, 0xe2, 0x07, 0x0f, 0xb6, 0xbd, 0xec, 0x0a,
    0x07, 0x00, 0x88, 0x94, 0x3c, 0xf8, 0x04, 0x00, 0x00, 0x3b, 0x2c, 0x24, 0x8d, 0x6d, 0x01, 0x89,
    0xc2, 0x89, 0xc8, 0x75, 0x96, 0x8d, 0x4c, 0x24, 0x30, 0x8d, 0x94, 0x24, 0xf8, 0x04, 0x00, 0x00,
    0x6a, 0x13, 0xe8, 0x08, 0x04, 0x00, 0x00, 0x83, 0xc4, 0x04, 0x85, 0xc0, 0x0f, 0x85, 0x15, 0x02,
    0x00, 0x00, 0x83, 0xbc, 0x24, 0x90, 0x02, 0x00, 0x00, 0xff, 0x0f, 0x84, 0x0b, 0x02, 0x00, 0x00,
    0x8b, 0x5c, 0x24, 0x0c, 0x8b, 0x44, 0x24, 0x08, 0x8d, 0x34, 0x18, 0x31, 0xff, 0x8d, 0x4c, 0x24,
    0x14, 0x8d, 0x54, 0x24, 0x30, 0xe8, 0x82, 0x03, 0x00, 0x00, 0x3b, 0x84, 0x24, 0x90, 0x02, 0x00,
    0x00, 0x0f, 0x8f, 0xe4, 0x01, 0x00, 0x00, 0x66, 0x83, 0xf8, 0x12, 0x0f, 0x84, 0xb4, 0x00, 0x00,
    0x00, 0x83, 0xf8, 0x11, 0x74, 0x61, 0x83, 0xf8, 0x10, 0x0f, 0x85, 0xf0, 0x00, 0x00, 0x00, 0x85,
    0xff, 0x0f, 0x84, 0xc4, 0x01, 0x00, 0x00, 0x8b, 0x6c, 0x24, 0x20, 0x83, 0xfd, 0x02, 0x0f, 0x8d,
    0x1a, 0x01, 0x00, 0x00, 0x8b, 0x5c, 0x24, 0x14, 0x8b, 0x44, 0x24, 0x18, 0x8b, 0x54, 0x24, 0x1c,
    0x89, 0xe9, 0x39, 0xc3, 0x74, 0x16, 0x8d, 0x6b, 0x01, 0x89, 0x6c, 0x24, 0x14, 0x0f, 0xb6, 0x1b,
    0xd3, 0xe3, 0x09, 0xda, 0x89, 0x54, 0x24, 0x1c, 0x89, 0xeb, 0xeb, 0x08, 0xc7, 0x44, 0x24, 0x24,
    0x01, 0x00, 0x00, 0x00, 0x8d, 0x69, 0x08, 0x89, 0x6c, 0x24, 0x20, 0x83, 0xf9, 0xfa, 0x89, 0xe9,
    0x7c, 0xd0, 0xe9, 0xdb, 0x00, 0x00, 0x00, 0x8b, 0x5c, 0x24, 0x20, 0x83, 0xfb, 0x03, 0x0f, 0x8d,
    0x90, 0x00, 0x00, 0x00, 0x8b, 0x6c, 0x24, 0x14, 0x8b, 0x54, 0x24, 0x18, 0x8b, 0x44, 0x24, 0x1c,
    0x89, 0xd9, 0x39, 0xd5, 0x74, 0x17, 0x8d, 0x5d, 0x01, 0x89, 0x5c, 0x24, 0x14, 0x0f, 0xb6, 0x6d,
    0x00, 0xd3, 0xe5, 0x09, 0xe8, 0x89, 0x44, 0x24, 0x1c, 0x89, 0xdd, 0xeb, 0x08, 0xc7, 0x44, 0x24,
    0x24, 0x01, 0x00, 0x00, 0x00, 0x8d, 0x59, 0x08, 0x89, 0x5c, 0x24, 0x20, 0x83, 0xf9, 0xfb, 0x89,
    0xd9, 0x7c, 0xcf, 0xeb, 0x53, 0x8b, 0x5c, 0x24, 0x20, 0x83, 0xfb, 0x07, 0x7d, 0x62, 0x8b, 0x6c,
    0x24, 0x14, 0x8b, 0x54, 0x24, 0x18, 0x8b, 0x44, 0x24, 0x1c, 0x89, 0xd9, 0x39, 0xd5, 0x74, 0x17,
    0x8d, 0x5d, 0x01, 0x89, 0x5c, 0x24, 0x14, 0x0f, 0xb6, 0x6d, 0x00, 0xd3, 0xe5, 0x09, 0xe8, 0x89,
    0x44, 0x24, 0x1c, 0x89, 0xdd, 0xeb, 0x08, 0xc7, 0x44, 0x24, 0x24, 0x01, 0x00, 0x00, 0x00, 0x8d,
    0x59, 0x08, 0x89, 0x5c, 0x24, 0x20, 0x83, 0xf9, 0xff, 0x89, 0xd9, 0x7c, 0xcf, 0xeb, 0x25, 0x31,
    0xc9, 0x41, 0xeb, 0x63, 0x8b, 0x44, 0x24, 0x1c, 0x89, 0xc1, 0x83, 0xe1, 0x07, 0xc1, 0xe8, 0x03,
    0x89, 0x44, 0x24, 0x1c, 0x83, 0xc3, 0xfd, 0x89, 0x5c, 0x24, 0x20, 0x83, 0xc1, 0x03, 0xeb, 0x1a,
    0x8b, 0x44, 0x24, 0x1c, 0x89, 0xc1, 0x83, 0xe1, 0x7f, 0xc1, 0xe8, 0x07, 0x89, 0x44, 0x24, 0x1c,
    0x83, 0xc3, 0xf9, 0x89, 0x5c, 0x24, 0x20, 0x83, 0xc1, 0x0b, 0x31, 0xc0, 0xeb, 0x25, 0x8b, 0x54,
    0x24, 0x1c, 0x8d, 0x84, 0x24, 0xf8, 0x04, 0x00, 0x00, 0x8a, 0x44, 0x07, 0xff, 0x89, 0xd1, 0x83,
    0xe1, 0x03, 0xc1, 0xea, 0x02, 0x89, 0x54, 0x24, 0x1c, 0x83, 0xc5, 0xfe, 0x89, 0x6c, 0x24, 0x20,
    0x83, 0xc1, 0x03, 0x8b, 0x5c, 0x24, 0x0c, 0x89, 0xf2, 0x29, 0xfa, 0x39, 0xd1, 0x77, 0x6c, 0x88,
    0x84, 0x3c, 0xf8, 0x04, 0x00, 0x00, 0x47, 0x49, 0x75, 0xf5, 0x39, 0xf7, 0x0f, 0x82, 0x5b, 0xfe,
    0xff, 0xff, 0x80, 0xbc, 0x24, 0xf8, 0x05, 0x00, 0x00, 0x00, 0x74, 0x4f, 0x8d, 0x4c, 0x24, 0x30,
    0x8d, 0x94, 0x24, 0xf8, 0x04, 0x00, 0x00, 0x53, 0xe8, 0x22, 0x02, 0x00, 0x00, 0x83, 0xc4, 0x04,
    0x85, 0xc0, 0x75, 0x33, 0x8d, 0x94, 0x1c, 0xf8, 0x04, 0x00, 0x00, 0x8d, 0x8c, 0x24, 0x94, 0x02,
    0x00, 0x00, 0xff, 0x74, 0x24, 0x08, 0xe8, 0x04, 0x02, 0x00, 0x00, 0x83, 0xc4, 0x04, 0x85, 0xc0,
    0x75, 0x1d, 0xe9, 0xd3, 0xfb, 0xff, 0xff, 0x31, 0xc0, 0x83, 0x7c, 0x24, 0x24, 0x00, 0x0f, 0x94,
    0xc0, 0x8d, 0x44, 0x40, 0xfd, 0xeb, 0x08, 0x89, 0x44, 0x24, 0x10, 0x8b, 0x44, 0x24, 0x10, 0x81,
    0xc4, 0x38, 0x06, 0x00, 0x00, 0x5e, 0x5f, 0x5b, 0x5d, 0xc3, 0x55, 0x53, 0x57, 0x56, 0x89, 0xce,
    0x8b, 0x59, 0x0c, 0x39, 0xd3, 0x7d, 0x2d, 0x8b, 0x0e, 0x8b, 0x46, 0x04, 0x39, 0xc1, 0x74, 0x13,
    0x8d, 0x79, 0x01, 0x89, 0x3e, 0x0f, 0xb6, 0x29, 0x89, 0xd9, 0xd3, 0xe5, 0x09, 0x6e, 0x08, 0x89,
    0xf9, 0xeb, 0x07, 0xc7, 0x46, 0x10, 0x01, 0x00, 0x00, 0x00, 0x83, 0xc3, 0x08, 0x89, 0x5e, 0x0c,
    0x39, 0xd3, 0x7c, 0xd8, 0x8b, 0x7e, 0x08, 0x31, 0xc0, 0x48, 0x89, 0xd1, 0xd3, 0xe0, 0xf7, 0xd0,
    0x21, 0xf8, 0xd3, 0xef, 0x89, 0x7e, 0x08, 0x29, 0xd3, 0x89, 0x5e, 0x0c, 0x5e, 0x5f, 0x5b, 0x5d,
    0xc3, 0x55, 0x53, 0x57, 0x56, 0x83, 0xec, 0x08, 0x89, 0xd5, 0x89, 0xcf, 0xe8, 0x1b, 0x01, 0x00,
    0x00, 0x83, 0x7f, 0x10, 0x00, 0x74, 0x0d, 0xb8, 0xfd, 0xff, 0xff, 0xff, 0x83, 0xc4, 0x08, 0x5e,
    0x5f, 0x5b, 0x5d, 0xc3, 0x89, 0x2c, 0x24, 0x3d, 0xff, 0x00, 0x00, 0x00, 0x77, 0x10, 0x8b, 0x4f,
    0x18, 0x8d, 0x51, 0x01, 0x89, 0x57, 0x18, 0x88, 0x01, 0xe9, 0xcf, 0x00, 0x00, 0x00, 0x3d, 0x00,
    0x01, 0x00, 0x00, 0x0f, 0x84, 0xdc, 0x00, 0x00, 0x00, 0x3b, 0x85, 0x60, 0x02, 0x00, 0x00, 0x7f,
    0xc6, 0x3d, 0x1d, 0x01, 0x00, 0x00, 0x77, 0xbf, 0x8b, 0x4c, 0x24, 0x1c, 0x83, 0xb9, 0x60, 0x02,
    0x00, 0x00, 0xff, 0x74, 0xb2, 0x0f, 0xb7, 0x8c, 0x00, 0x54, 0x08, 0x07, 0x00, 0x89, 0x4c, 0x24,
    0x04, 0x05, 0xff, 0xfe, 0xff, 0xff, 0x31, 0xf6, 0xb9, 0xff, 0x00, 0x00, 0x10, 0x0f, 0xa3, 0xc1,
    0x72, 0x10, 0x0f, 0xb6, 0x90, 0x38, 0x0a, 0x07, 0x00, 0x89, 0xf9, 0xe8, 0x1a, 0xff, 0xff, 0xff,
    0x89, 0xc6, 0x89, 0xf9, 0x8b, 0x5c, 0x24, 0x1c, 0x89, 0xda, 0xe8, 0x8d, 0x00, 0x00, 0x00, 0x3b,
    0x83, 0x60, 0x02, 0x00, 0x00, 0x0f, 0x8f, 0x6c, 0xff, 0xff, 0xff, 0x89, 0xc1, 0x83, 0xf8, 0x1d,
    0x0f, 0x87, 0x61, 0xff, 0xff, 0xff, 0x0f, 0xb7, 0xac, 0x09, 0xb0, 0x0a, 0x07, 0x00, 0x31, 0xc0,
    0x83, 0xf9, 0x04, 0x72, 0x0e, 0x0f, 0xb6, 0x91, 0x92, 0x0a, 0x07, 0x00, 0x89, 0xf9, 0xe8, 0xd7,
    0xfe, 0xff, 0xff, 0x01, 0xe8, 0x8b, 0x4f, 0x18, 0x89, 0xca, 0x2b, 0x57, 0x14, 0x39, 0xd0, 0x0f,
    0x8f, 0x32, 0xff, 0xff, 0xff, 0x03, 0x74, 0x24, 0x04, 0x85, 0xf6, 0x7e, 0x18, 0xf7, 0xd8, 0x31,
    0xc9, 0x8b, 0x57, 0x18, 0x8d, 0x2c, 0x0a, 0x8a, 0x1c, 0x28, 0x88, 0x1c, 0x0a, 0x41, 0x39, 0xce,
    0x75, 0xef, 0x8b, 0x4f, 0x18, 0x01, 0xf1, 0x89, 0x4f, 0x18, 0x8b, 0x2c, 0x24, 0x89, 0xf9, 0x89,
    0xea, 0xe8, 0x16, 0x00, 0x00, 0x00, 0x83, 0x7f, 0x10, 0x00, 0x0f, 0x84, 0x07, 0xff, 0xff, 0xff,
    0xe9, 0xf2, 0xfe, 0xff, 0xff, 0x31, 0xc0, 0xe9, 0xf0, 0xfe, 0xff, 0xff, 0x55, 0x53, 0x57, 0x56,
    0x50, 0x89, 0xd5, 0x89, 0xcb, 0x31, 0xd2, 0x42, 0xe8, 0x6d, 0xfe, 0xff, 0xff, 0x89, 0xc7, 0x0f,
    0xb7, 0x45, 0x02, 0x31, 0xf6, 0x39, 0xc7, 0x89, 0x2c, 0x24, 0x72, 0x21, 0x83, 0xc5, 0x04, 0x31,
    0xf6, 0x01, 0xc6, 0x29, 0xc7, 0x89, 0xd9, 0x31, 0xd2, 0x42, 0xe8, 0x4b, 0xfe, 0xff, 0xff, 0x8d,
    0x3c, 0x78, 0x0f, 0xb7, 0x45, 0x00, 0x83, 0xc5, 0x02, 0x39, 0xc7, 0x7d, 0xe4, 0x01, 0xfe, 0x8b,
    0x04, 0x24, 0x0f, 0xb7, 0x44, 0x70, 0x20, 0x83, 0xc4, 0x04, 0x5e, 0x5f, 0x5b, 0x5d, 0xc3, 0x55,
    0x53, 0x57, 0x56, 0x83, 0xec, 0x24, 0x8b, 0x7c, 0x24, 0x38, 0xb8, 0xe0, 0xff, 0xff, 0xff, 0x66,
    0xc7, 0x44, 0x01, 0x20, 0x00, 0x00, 0x83, 0xc0, 0x02, 0x75, 0xf4, 0xc7, 0x81, 0x60, 0x02, 0x00,
    0x00, 0xff, 0xff, 0xff, 0xff, 0x85, 0xff, 0x74, 0x1b, 0x31, 0xc0, 0x80, 0x3c, 0x02, 0x00, 0x74,
    0x0e, 0x89, 0x81, 0x60, 0x02, 0x00, 0x00, 0x0f, 0xb6, 0x34, 0x02, 0x66, 0xff, 0x04, 0x71, 0x40,
    0x39, 0xc7, 0x75, 0xe7, 0x31, 0xff, 0x31, 0xdb, 0x43, 0xbd, 0xe0, 0xff, 0xff, 0xff, 0xb8, 0xfd,
    0xff, 0xff, 0xff, 0x0f, 0xb7, 0x74, 0x29, 0x20, 0x29, 0xf3, 0x72, 0x72, 0x01, 0xdb, 0x66, 0x89,
    0x7c, 0x2c, 0x24, 0x01, 0xf7, 0x83, 0xc5, 0x02, 0x75, 0xe9, 0x83, 0xff, 0x02, 0x0f, 0x93, 0x44,
    0x24, 0x03, 0x85, 0xdb, 0x0f, 0x95, 0xc3, 0x84, 0x5c, 0x24, 0x03, 0x75, 0x51, 0x83, 0xff, 0x01,
    0x75, 0x07, 0x66, 0x83, 0x79, 0x02, 0x01, 0x75, 0x45, 0x8b, 0x5c, 0x24, 0x38, 0x85, 0xdb, 0x74,
    0x25, 0x31, 0xc0, 0x0f, 0xb6, 0x34, 0x02, 0x85, 0xf6, 0x74, 0x16, 0x0f, 0xb7, 0x5c, 0x74, 0x04,
    0x8d, 0x6b, 0x01, 0x66, 0x89, 0x6c, 0x74, 0x04, 0x66, 0x89, 0x44, 0x59, 0x20, 0x8b, 0x5c, 0x24,
    0x38, 0x40, 0x39, 0xc3, 0x75, 0xdd, 0x31, 0xc0, 0x83, 0xff, 0x01, 0x75, 0x11, 0x66, 0xc7, 0x41,
    0x02, 0x02, 0x00, 0x8b, 0x91, 0x60, 0x02, 0x00, 0x00, 0x42, 0x66, 0x89, 0x51, 0x22, 0x83, 0xc4,
    0x24, 0x5e, 0x5f, 0x5b, 0x5d, 0xc3, 0x00, 0x00, 0x14, 0x02, 0x07, 0x00, 0x72, 0x02, 0x07, 0x00,
    0x5a, 0x03, 0x07, 0x00, 0x6f, 0x07, 0x07, 0x00, 0x00, 0x00, 0x00, 0x00, 0x00, 0x00, 0x00, 0x00,
    0x01, 0x01, 0x01, 0x01, 0x02, 0x02, 0x02, 0x02, 0x03, 0x03, 0x03, 0x03, 0x04, 0x04, 0x04, 0x04,
    0x05, 0x05, 0x05, 0x05, 0x00, 0x7f, 0x03, 0x00, 0x04, 0x00, 0x05, 0x00, 0x06, 0x00, 0x07, 0x00,
    0x08, 0x00, 0x09, 0x00, 0x0a, 0x00, 0x0b, 0x00, 0x0d, 0x00, 0x0f, 0x00, 0x11, 0x00, 0x13, 0x00,
    0x17, 0x00, 0x1b, 0x00, 0x1f, 0x00, 0x23, 0x00, 0x2b, 0x00, 0x33, 0x00, 0x3b, 0x00, 0x43, 0x00,
    0x53, 0x00, 0x63, 0x00, 0x73, 0x00, 0x83, 0x00, 0xa3, 0x00, 0xc3, 0x00, 0xe3, 0x00, 0x02, 0x01,
    0x00, 0x00, 0x00, 0x00, 0x00, 0x00, 0x01, 0x01, 0x02, 0x02, 0x03, 0x03, 0x04, 0x04, 0x05, 0x05,
    0x06, 0x06, 0x07, 0x07, 0x08, 0x08, 0x09, 0x09, 0x0a, 0x0a, 0x0b, 0x0b, 0x0c, 0x0c, 0x0d, 0x0d,
    0x01, 0x00, 0x02, 0x00, 0x03, 0x00, 0x04, 0x00, 0x05, 0x00, 0x07, 0x00, 0x09, 0x00, 0x0d, 0x00,
    0x11, 0x00, 0x19, 0x00, 0x21, 0x00, 0x31, 0x00, 0x41, 0x00, 0x61, 0x00, 0x81, 0x00, 0xc1, 0x00,
    0x01, 0x01, 0x81, 0x01, 0x01, 0x02, 0x01, 0x03, 0x01, 0x04, 0x01, 0x06, 0x01, 0x08, 0x01, 0x0c,
    0x01, 0x10, 0x01, 0x18, 0x01, 0x20, 0x01, 0x30, 0x01, 0x40, 0x01, 0x60, 0x10, 0x11, 0x12, 0x00,
    0x08, 0x07, 0x09, 0x06, 0x0a, 0x05, 0x0b, 0x04, 0x0c, 0x03, 0x0d, 0x02, 0x0e, 0x01, 0x0f, 0x90,
    0x1f, 0x8b, 0x08, 0x00, 0x00, 0x00, 0x00, 0x00, 0x02, 0x03, 0x85, 0x7c, 0x0d, 0x5c, 0x13, 0x57,
    0xb6, 0xf8, 0x0c, 0x04, 0x8d, 0x18, 0x9d, 0xa8, 0x68, 0x41, 0x51, 0x63, 0xc5, 0xae, 0x6c, 0xad,
    0x92, 0x6a, 0x5b, 0x53, 0xb5, 0xe5, 0x2b, 0x80, 0xd6, 0x68, 0x20, 0x12, 0xdc, 0xb5, 0x94, 0x52,
    0x21, 0x0d, 0x54, 0x85, 0xc2, 0x8c, 0x1f, 0x55, 0x2c, 0x38, 0x64, 0xcb, 0x65, 0x3a, 0x7d, 0xdd,
    0xd6, 0xbe, 0xd7, 0xfd, 0xe8, 0x6e, 0xbb, 0x6d, 0xf7, 0x75, 0xb7, 0xdb, 0xa7, 0xdd, 0x5d, 0x15,
    0x5b, 0x3f, 0x12, 0x70, 0x03, 0xa8, 0xab, 0xa0, 0x3e, 0xc5, 0x8f, 0xa7, 0xb4, 0x65, 0xed, 0x60,
    0x78, 0xdb, 0x20, 0x2e, 0x20, 0x5a, 0xf2, 0x3f, 0xe7, 0x4e, 0x82, 0xd0, 0xee, 0xbe, 0xbf, 0x3f,
    0x93, 0xcc, 0xbd, 0xf7, 0xdc, 0x73, 0xcf, 0x3d, 0xf7, 0x7c, 0xde, 0x7b, 0x87, 0xbb, 0x09, 0xee,
    0xa3, 0x6f, 0x3f, 0xa4, 0x61, 0x0e, 0xae, 0x25, 0x1a, 0xa6, 0xaa, 0x13, 0x1f, 0x7b, 0x7e, 0xcf,
    0xb1, 0x93, 0x3f, 0xf6, 0x33, 0xcc, 0x8d, 0xd9, 0xf0, 0x15, 0xcd, 0xd4, 0x19, 0x18, 0x86, 0x79,
    0xad, 0xed, 0x35, 0xf7, 0x6b, 0xed, 0xaf, 0x29, 0xaf, 0xb5, 0x74, 0xae, 0xd4, 0x33, 0xcc, 0xc9,
    0xd0, 0xbf, 0x6c, 0xf2, 0x37, 0xbb, 0xd8, 0x35, 0x8a, 0x9c, 0x77, 0x34, 0x9a, 0x7b, 0x03, 0xe1,
    0x8d, 0xe6, 0x7e, 0x00, 0x66, 0x64, 0x73, 0x2f, 0x39, 0x3e, 0x70, 0xf7, 0x10, 0xb3, 0x83, 0x61,
    0x8e, 0xe2, 0xd7, 0x41, 0x26, 0x8c, 0x61, 0x7a, 0x3e, 0xe0, 0xd8, 0xe8, 0x62, 0xad, 0x73, 0x1b,
    0xa0, 0x3d, 0x51, 0xa7, 0x1f, 0x86, 0x93, 0x33, 0xb8, 0xe3, 0x06, 0xb9, 0xfb, 0xdd, 0x8e, 0xba,
    0xb7, 0xa1, 0xad, 0x98, 0xb1, 0x9e, 0x30, 0xba, 0xef, 0xb5, 0xde, 0x29, 0x66, 0x9c, 0xcc, 0x8e,
    0x13, 0x8f, 0x31, 0x8a, 0x85, 0x45, 0xec, 0x4c, 0x80, 0x49, 0xac, 0xd1, 0xa8, 0x34, 0x70, 0xec,
    0xf4, 0x01, 0x24, 0xf5, 0x14, 0x7c, 0x69, 0x99, 0xef, 0x22, 0xe5, 0x3e, 0xf3, 0x33, 0x80, 0xf6,
    0xc6, 0x0d, 0x68, 0x1d, 0x81, 0xf1, 0x96, 0xef, 0xdb, 0x40, 0x38, 0xa2, 0xaa, 0x4d, 0x8d, 0xd3,
    0xfc, 0x46, 0xec, 0x66, 0x18, 0x29, 0x35, 0x4e, 0xfb, 0xfe, 0x2d, 0xf5, 0x41, 0xf7, 0x7e, 0x3f,
    0x3c, 0x70, 0x6c, 0xc4, 0x5d, 0xfa, 0x33, 0x4e, 0x73, 0x13, 0x7f, 0xa6, 0xeb, 0xe0, 0xc7, 0x66,
    0xcf, 0xc9, 0xbe, 0xb1, 0xa4, 0xfb, 0x9f, 0x0d, 0x46, 0x67, 0x70, 0x23, 0xbb, 0x9b, 0x0e, 0xd5,
    0xf2, 0xa8, 0x83, 0x3c, 0xe0, 0xef, 0x7e, 0xd4, 0x21, 0x3d, 0xd0, 0xdf, 0xcd, 0xfd, 0x8e, 0x7b,
    0x6f, 0xf4, 0x4c, 0xc7, 0x3b, 0x8e, 0x5c, 0x47, 0x9e, 0xe3, 0x19, 0xc7, 0x8f, 0x1d, 0x3f, 0x72,
    0xac, 0x73, 0xac, 0xc5, 0x36, 0x7f, 0xf7, 0x9d, 0xbf, 0x32, 0x03, 0xf7, 0x60, 0x6f, 0x75, 0x3b,
    0x9e, 0x97, 0x0b, 0xe2, 0xe6, 0x3a, 0xac, 0x0e, 0x9b, 0x23, 0xd3, 0x91, 0xe5, 0xb0, 0x3b, 0x72,
    0x1c, 0xd9, 0x8e, 0x5f, 0xce, 0x18, 0xc5, 0xbd, 0xcb, 0x7d, 0xa4, 0xf6, 0x78, 0xd4, 0xc1, 0xb1,
    0x53, 0xee, 0xd2, 0x9f, 0x19, 0x9a, 0x9b, 0x30, 0xb0, 0x8e, 0xc5, 0x81, 0x4f, 0x75, 0x47, 0x33,
    0x0e, 0x58, 0xab, 0x7b, 0x34, 0xe5, 0xe6, 0x3d, 0xb3, 0xae, 0xe1, 0xf5, 0x91, 0xff, 0x98, 0xff,
    0xe3, 0x9f, 0xca, 0x91, 0xd0, 0xbf, 0x5f, 0xce, 0x77, 0x04, 0x46, 0x4d, 0xbc, 0xf9, 0xce, 0xfc,
    0xc0, 0xfc, 0x29, 0x37, 0xa5, 0xc9, 0x28, 0x04, 0x64, 0xf2, 0x14, 0x60, 0x41, 0x63, 0x04, 0x3e,
    0x4f, 0x85, 0x27, 0x69, 0x4d, 0x9c, 0xa6, 0x31, 0x62, 0xe2, 0x4d, 0xb5, 0x03, 0xf0, 0x6b, 0x71,
    0x0f, 0xe5, 0x57, 0x22, 0xfd, 0x99, 0x9e, 0xd1, 0x13, 0xe4, 0xd7, 0x0b, 0x37, 0xff, 0x35, 0xbf,
    0x5c, 0x37, 0xbf, 0xb3, 0x34, 0xde, 0x51, 0xab, 0x7a, 0x18, 0xef, 0xa8, 0x2c, 0xfc, 0xb2, 0xf7,
    0x30, 0x0e, 0xd3, 0x94, 0x89, 0x37, 0xf9, 0xf9, 0xc8, 0x8c, 0x3f, 0xb3, 0x09, 0xee, 0xbf, 0x4e,
    0x41, 0xf6, 0xf1, 0x9d, 0x46, 0x78, 0xfa, 0x4d, 0x56, 0x4f, 0xcd, 0x03, 0xf6, 0x9e, 0x3a, 0x26,
    0xec, 0xaf, 0x53, 0x3e, 0xd2, 0xf0, 0x91, 0xd8, 0x53, 0x53, 0x09, 0x3d, 0x9f, 0x1d, 0xa0, 0x3c,
    0x5a, 0xdc, 0x43, 0x79, 0x94, 0xd8, 0xc3, 0x19, 0x1a, 0x2a, 0x4f, 0x00, 0x93, 0x1a, 0x6e, 0xf4,
    0xdc, 0x04, 0x26, 0x7d, 0x0e, 0x4c, 0xba, 0xfc, 0x5a, 0xc3, 0x6b, 0x5f, 0xbd, 0xe6, 0x7b, 0xed,
    0x2c, 0x32, 0x49, 0xa2, 0xf3, 0x22, 0x74, 0x8e, 0x95, 0xcb, 0x60, 0x50, 0x86, 0xe1, 0xa7, 0x05,
    0x1e, 0x01, 0x3a, 0x98, 0xc0, 0x23, 0x59, 0xf4, 0x1b, 0x2b, 0x95, 0xa3, 0x0a, 0xc3, 0x88, 0xc7,
    0x74, 0x0d, 0x46, 0x77, 0xc3, 0xff, 0xcd, 0x3b, 0xfc, 0xa7, 0xea, 0x07, 0x48, 0x93, 0xe6, 0x7d,
    0xe6, 0x16, 0xc3, 0x34, 0x00, 0x7b, 0x34, 0xb7, 0x28, 0x7b, 0x74, 0xf4, 0x67, 0x7a, 0xd4, 0x2d,
    0x95, 0x3d, 0xf2, 0x86, 0xb8, 0xa8, 0x1b, 0xaf, 0xf5, 0xfc, 0x6b, 0x16, 0x7d, 0xd4, 0xa3, 0x8a,
    0x54, 0xa8, 0xe9, 0x4e, 0x60, 0xb3, 0x26, 0xb0, 0x59, 0x1b, 0xd8, 0xcc, 0x04, 0x66, 0x30, 0xb7,
    0xc4, 0x63, 0xa3, 0x06, 0xe6, 0xe3, 0x74, 0x35, 0xb7, 0xf0, 0x67, 0x86, 0xee, 0xd6, 0xbd, 0xe9,
    0x7e, 0xd9, 0xf3, 0xdd, 0xe9, 0xce, 0x09, 0x04, 0x18, 0x66, 0x98, 0x60, 0xfc, 0x6b, 0x39, 0x00,
    0xcd, 0xb6, 0xe5, 0x80, 0x6e, 0xeb, 0x24, 0x73, 0x94, 0x54, 0xa1, 0x97, 0xb2, 0x75, 0x52, 0xae,
    0x56, 0x12, 0xa2, 0x5d, 0x67, 0xf8, 0x1f, 0xba, 0x02, 0x7c, 0xa2, 0xcb, 0xcd, 0xbf, 0xc0, 0x1d,
    0x76, 0x8b, 0xfe, 0x99, 0xdc, 0xe1, 0xe3, 0x62, 0xf7, 0xcc, 0xf8, 0x26, 0xb1, 0xdf, 0xc0, 0xed,
    0xfa, 0x3d, 0x74, 0x75, 0xf5, 0xf2, 0xd1, 0x64, 0x06, 0xb1, 0x6b, 0x7c, 0x13, 0x00, 0x6a, 0x1b,
    0x14, 0xc7, 0x90, 0x19, 0x8d, 0x69, 0x1a, 0x44, 0x6b, 0xbc, 0x6c, 0x3c, 0xd3, 0xd9, 0x0a, 0x7a,
    0xec, 0x72, 0x73, 0xd5, 0x75, 0x08, 0x7c, 0x99, 0xab, 0xbe, 0x86, 0x36, 0x23, 0x23, 0xe0, 0x6a,
    0xe2, 0x5c, 0xb7, 0xd4, 0xfe, 0xa3, 0x67, 0xb5, 0x02, 0x86, 0x55, 0x1a, 0xee, 0x50, 0xd3, 0xd9,
    0x1b, 0xe4, 0xac, 0xef, 0xb8, 0xbc, 0x3a, 0xe0, 0x3a, 0xcd, 0xb9, 0x24, 0xb5, 0x79, 0xec, 0xac,
    0x8b, 0x64, 0x7c, 0x10, 0xa3, 0x18, 0x60, 0xb9, 0xea, 0x97, 0x01, 0x23, 0x77, 0xe8, 0x34, 0x69,
    0x39, 0xab, 0x70, 0x9f, 0x9c, 0x25, 0xf5, 0x9d, 0x9b, 0xa0, 0x82, 0xb4, 0x19, 0xcf, 0xf4, 0xf5,
    0x91, 0x56, 0xe3, 0x19, 0x57, 0x2f, 0x69, 0xe0, 0xaa, 0x7f, 0x8c, 0x75, 0xa1, 0x6e, 0x9d, 0x2b,
    0xb1, 0xe4, 0x4d, 0x6c, 0x34, 0x77, 0x51, 0x2c, 0xfd, 0x06, 0x7e, 0x15, 0x31, 0xfb, 0xf7, 0xcd,
    0x24, 0xfe, 0xb9, 0x7f, 0x21, 0x6d, 0x35, 0x9d, 0x67, 0xdb, 0x89, 0x59, 0x21, 0xe7, 0xc9, 0x05,
    0xc9, 0xec, 0xaf, 0xf1, 0x9c, 0xfd, 0x06, 0x6a, 0xae, 0x13, 0xcf, 0x59, 0xdf, 0x98, 0xab, 0x9d,
    0xbf, 0xc5, 0xfe, 0x3a, 0x1c, 0xf2, 0x70, 0xe3, 0x70, 0x06, 0xb8, 0x67, 0xdd, 0xc3, 0x26, 0x14,
    0x92, 0xf3, 0x8d, 0x66, 0x3f, 0xca, 0x94, 0x31, 0xe0, 0x7b, 0x89, 0x78, 0x48, 0x0b, 0x50, 0xd3,
    0x4d, 0x1a, 0x5c, 0xbd, 0x5c, 0x75, 0xff, 0x60, 0x20, 0x00, 0xfc, 0x69, 0x1c, 0x45, 0x29, 0xb9,
    0x01, 0x25, 0xee, 0x70, 0x13, 0xe0, 0xe0, 0x0e, 0xd7, 0x03, 0xbe, 0x78, 0x8f, 0x78, 0x7b, 0x26,
    0x27, 0xee, 0x83, 0x6a, 0x39, 0x89, 0xed, 0x6d, 0x25, 0x57, 0x61, 0x64, 0x41, 0x21, 0x17, 0x60,
    0xf8, 0x6f, 0x80, 0x46, 0x98, 0x61, 0x70, 0x1c, 0xdf, 0x74, 0x28, 0x12, 0x0f, 0x27, 0x12, 0x28,
    0xf4, 0x5e, 0x1c, 0x01, 0x88, 0x7c, 0xb8, 0x2a, 0xe5, 0x2a, 0xc6, 0x66, 0x29, 0xdb, 0x2f, 0x99,
    0xbb, 0x48, 0xb6, 0x9f, 0xfb, 0xa0, 0x8f, 0xe5, 0x3e, 0xb8, 0x0a, 0x9f, 0x06, 0x96, 0xe4, 0x76,
    0xb1, 0xee, 0x31, 0x4d, 0x64, 0xa0, 0xef, 0x0c, 0xe9, 0xee, 0x6b, 0x95, 0x72, 0xf5, 0xec, 0x45,
    0xc9, 0x12, 0x35, 0xe1, 0x38, 0x69, 0xf5, 0x74, 0xce, 0xf4, 0x0c, 0xcc, 0x24, 0x67, 0x67, 0xe7,
    0x46, 0xcd, 0xce, 0xd6, 0xc7, 0x9f, 0x87, 0xfe, 0x31, 0xd7, 0xa4, 0xdc, 0xae, 0x15, 0xc2, 0xe7,
    0xd8, 0x93, 0x75, 0x4b, 0xd9, 0x28, 0x06, 0x11, 0xe4, 0x61, 0xf2, 0x92, 0x46, 0x6c, 0x1f, 0x1c,
    0xe3, 0x21, 0x97, 0xc8, 0x09, 0xd2, 0x06, 0xba, 0xf1, 0x4c, 0xde, 0xba, 0xdc, 0x06, 0xe2, 0x05,
    0x52, 0xda, 0x90, 0x7f, 0x5d, 0x04, 0xa8, 0xab, 0xf4, 0xb4, 0x23, 0x2d, 0x1e, 0x58, 0xc8, 0xf3,
    0x9d, 0x7e, 0x98, 0x54, 0x50, 0xb4, 0x3a, 0xfa, 0xc5, 0xae, 0x68, 0xc9, 0xac, 0x83, 0x51, 0xc9,
    0x29, 0xcf, 0xdf, 0x67, 0x92, 0xe3, 0x30, 0xaa, 0xb1, 0x75, 0x61, 0xb6, 0x9e, 0xbd, 0x29, 0xb6,
    0xc2, 0xda, 0x60, 0x5d, 0x1f, 0xe1, 0xe3, 0x34, 0xf0, 0x38, 0x38, 0xd3, 0xe8, 0x07, 0x01, 0x34,
    0xf6, 0xb0, 0x77, 0xc4, 0x16, 0x46, 0xde, 0x11, 0xa7, 0xcd, 0xc9, 0xcc, 0xb2, 0xda, 0x94, 0xec,
    0x6f, 0x03, 0x01, 0xf1, 0x58, 0x94, 0x0c, 0xe6, 0x5b, 0xb2, 0x6a, 0x8c, 0x37, 0x17, 0x26, 0x84,
    0x43, 0x07, 0xf1, 0x0c, 0x43, 0xfc, 0x72, 0xe1, 0x2d, 0x4a, 0xce, 0x3d, 0x49, 0x16, 0xa2, 0xb8,
    0xc3, 0x66, 0xfd, 0xc1, 0x27, 0xd1, 0x5a, 0xa5, 0x7a, 0x80, 0xd3, 0xa2, 0xdb, 0xc0, 0x1d, 0x3e,
    0x2f, 0xde, 0x9c, 0x09, 0x8b, 0x92, 0xda, 0x42, 0x5a, 0xa4, 0x6c, 0x2d, 0x39, 0xcb, 0x1d, 0x3e,
    0xc3, 0xa5, 0xb6, 0x42, 0xa5, 0x58, 0x6f, 0x90, 0x04, 0x1d, 0x77, 0xf8, 0x14, 0xac, 0x0c, 0x02,
    0x1c, 0x27, 0xf5, 0xc4, 0xd2, 0x15, 0x7f, 0xdc, 0xd8, 0x2c, 0x0e, 0x3c, 0x79, 0x94, 0xda, 0xbc,
    0x57, 0x7e, 0x0d, 0xdf, 0xc2, 0x68, 0x72, 0xb1, 0x73, 0x37, 0x1a, 0xc8, 0xd6, 0x41, 0x0f, 0xb9,
    0xc6, 0x7d, 0xd2, 0x07, 0xbc, 0x26, 0x37, 0xcf, 0xde, 0xe8, 0xf5, 0x18, 0x38, 0xf3, 0xc0, 0x41,
    0x0a, 0x69, 0x6e, 0xfd, 0xf4, 0xc9, 0x1f, 0x5a, 0xfc, 0xdc, 0x87, 0x57, 0xcf, 0x7e, 0x05, 0xf5,
    0xe4, 0x22, 0x67, 0xee, 0x01, 0xf9, 0xc0, 0xb6, 0xcf, 0x55, 0x80, 0x13, 0x7d, 0x2d, 0xe1, 0xc0,
    0x31, 0xb3, 0x62, 0xbc, 0xcc, 0x7d, 0x30, 0xc0, 0xaa, 0x8b, 0x75, 0x8a, 0x1d, 0x2b, 0xf8, 0xd9,
    0xe6, 0x31, 0x17, 0x61, 0x64, 0xd2, 0xda, 0xd7, 0x4a, 0xee, 0xf4, 0x9d, 0x95, 0xcc, 0x7a, 0xb6,
    0x01, 0xd4, 0x72, 0x82, 0x87, 0x9c, 0xf0, 0xf8, 0x66, 0x7a, 0x6e, 0xcf, 0x24, 0x4d, 0xb3, 0xcd,
    0x51, 0xb3, 0x2d, 0xfa, 0xf8, 0xd3, 0x92, 0xa5, 0x2b, 0xa6, 0x3e, 0x60, 0x56, 0x84, 0x43, 0xd8,
    0x57, 0xd6, 0x3d, 0x05, 0x1c, 0x84, 0x45, 0x0e, 0x2d, 0x4d, 0x88, 0x17, 0xa0, 0xcf, 0xc0, 0x0b,
    0x8b, 0xbe, 0x4e, 0xe5, 0x05, 0xca, 0x9e, 0x08, 0xc4, 0x1e, 0xbe, 0x24, 0xf6, 0xcc, 0x74, 0xc1,
    0xf4, 0x2f, 0x42, 0xa3, 0x76, 0xa8, 0x9e, 0x72, 0x61, 0x50, 0xec, 0xa3, 0x5c, 0xb8, 0x4d, 0x2e,
    0xc6, 0xdf, 0x16, 0x6f, 0x3f, 0xb9, 0x39, 0x52, 0x32, 0x6b, 0xc9, 0xcd, 0xce, 0xff, 0x44, 0x09,
    0x77, 0x43, 0xc5, 0x67, 0x74, 0x1a, 0xd5, 0xff, 0x81, 0x8c, 0xc8, 0xf5, 0x93, 0x13, 0xc0, 0x8b,
    0x0a, 0x45, 0xaa, 0xd0, 0x92, 0x7e, 0xee, 0x93, 0x7b, 0xec, 0xa8, 0xbf, 0xc7, 0x8e, 0xb9, 0x17,
    0xb9, 0x0f, 0x07, 0xcf, 0x7e, 0x0d, 0xd5, 0x12, 0x30, 0xc6, 0xdc, 0xd7, 0x68, 0xee, 0x18, 0xc6,
    0x8e, 0x3b, 0xa4, 0xa2, 0xab, 0xaf, 0x35, 0xdc, 0x02, 0xec, 0x20, 0xd0, 0xfc, 0x41, 0x3d, 0x70,
    0xc3, 0xcf, 0xc2, 0xfc, 0x54, 0xa6, 0x74, 0x0c, 0x67, 0x4a, 0x03, 0x30, 0xa5, 0x42, 0xcf, 0xde,
    0x91, 0x2a, 0xa2, 0x26, 0xdc, 0x1e, 0x62, 0xca, 0xe9, 0xd9, 0x15, 0x94, 0x29, 0x4d, 0x80, 0x3e,
    0x66, 0x20, 0x49, 0xa8, 0x13, 0x8f, 0xe9, 0x47, 0x70, 0x61, 0xb1, 0x54, 0x01, 0x02, 0xa8, 0x95,
    0x12, 0xa3, 0xb8, 0x3d, 0x8d, 0xcb, 0xd8, 0x4a, 0x18, 0x56, 0x44, 0xf2, 0x80, 0x39, 0x92, 0xa0,
    0x7f, 0x0f, 0xa3, 0x21, 0x97, 0x5b, 0x98, 0xe2, 0x64, 0xa0, 0x85, 0x9c, 0x55, 0x8a, 0x8d, 0xf0,
    0x73, 0x49, 0x3c, 0xa6, 0x79, 0x1f, 0x5b, 0xe4, 0xdc, 0x0e, 0x47, 0x63, 0xb8, 0x9e, 0x71, 0x90,
    0xed, 0x61, 0xc4, 0xe3, 0xe9, 0xd4, 0x38, 0xc8, 0x53, 0xa3, 0xc4, 0x76, 0xce, 0x41, 0x52, 0x34,
    0xa4, 0x5c, 0x4b, 0x6c, 0x3a, 0xb9, 0xe2, 0x50, 0x71, 0x5c, 0x31, 0x93, 0xa3, 0x7c, 0x9c, 0x4a,
    0x1d, 0x47, 0x63, 0x7a, 0x1c, 0x93, 0x0c, 0xd8, 0x61, 0x44, 0x86, 0xa4, 0x47, 0x83, 0xc2, 0xb4,
    0xeb, 0x48, 0x7a, 0x94, 0xc7, 0x07, 0x5d, 0xf3, 0x46, 0xe5, 0xe4, 0x14, 0x4f, 0x52, 0x36, 0xf4,
    0xa1, 0x38, 0xeb, 0x8e, 0x84, 0xa1, 0x3e, 0xa7, 0x6b, 0x59, 0x61, 0x36, 0x28, 0x88, 0xb1, 0x17,
    0xcc, 0xe8, 0x54, 0xc9, 0x12, 0x0d, 0xe2, 0xc9, 0xed, 0x59, 0x11, 0x95, 0x19, 0x78, 0x04, 0x09,
    0xb0, 0x2a, 0x4f, 0xa8, 0x78, 0x89, 0x5f, 0x3c, 0xb6, 0x98, 0x4e, 0xcc, 0x39, 0x2e, 0x9d, 0x85,
    0xf8, 0x49, 0xd9, 0x3c, 0x3d, 0x64, 0xc0, 0xab, 0xba, 0x18, 0xb0, 0x53, 0x75, 0x02, 0xd8, 0xbc,
    0x5a, 0x46, 0x96, 0x67, 0x04, 0xc0, 0xf0, 0x1c, 0xf7, 0xdc, 0xd0, 0x90, 0xb7, 0xb6, 0xc2, 0xa3,
    0xf8, 0xc5, 0x78, 0x22, 0xf3, 0xf0, 0x20, 0x5b, 0x9a, 0xc8, 0x71, 0xf1, 0x4b, 0x1d, 0xc9, 0xae,
    0x84, 0x99, 0x10, 0x79, 0x07, 0xd6, 0xc9, 0x4b, 0x29, 0x34, 0xad, 0x76, 0x63, 0xb5, 0xe5, 0x18,
    0xb7, 0xdf, 0x4d, 0xcc, 0xbb, 0x8d, 0xee, 0xc4, 0xcf, 0x2b, 0x71, 0x99, 0x1b, 0x8d, 0xcd, 0xb8,
    0x04, 0x60, 0x27, 0x2b, 0x3a, 0x70, 0xaa, 0xf2, 0xe1, 0x5e, 0xd0, 0xef, 0x1c, 0xe5, 0xb3, 0x14,
    0x75, 0xc2, 0xae, 0xa9, 0x80, 0x81, 0xc9, 0x00, 0xc8, 0x77, 0xc6, 0xc3, 0x93, 0xe4, 0xc2, 0x41,
    0x1d, 0xc4, 0x75, 0x77, 0x10, 0x0b, 0x38, 0x30, 0x71, 0x45, 0x62, 0x55, 0xa3, 0x0b, 0x29, 0x9b,
    0xc1, 0x50, 0x26, 0x3c, 0xdf, 0x4b, 0x99, 0xd0, 0xeb, 0x1a, 0x04, 0x30, 0x96, 0x73, 0xf5, 0x03,
    0x37, 0xb8, 0x03, 0xb2, 0x81, 0x12, 0xac, 0x21, 0x4d, 0x1e, 0x25, 0x8c, 0x98, 0xdb, 0x1d, 0xe2,
    0x61, 0xda, 0xa7, 0x2c, 0x97, 0x3b, 0xe0, 0x7a, 0x1c, 0x9e, 0xb8, 0x03, 0x6f, 0x2d, 0x46, 0x8c,
    0x5e, 0xc7, 0x98, 0xf3, 0x7c, 0x06, 0x77, 0xe0, 0x0c, 0xf1, 0xce, 0x3a, 0x5f, 0x35, 0x88, 0x1e,
    0x8f, 0x37, 0x39, 0x5c, 0xcd, 0xdc, 0x5b, 0x66, 0xbf, 0xa7, 0x5d, 0xc3, 0xed, 0xe7, 0xf5, 0xe1,
    0x9e, 0xeb, 0xda, 0xaa, 0x41, 0xe6, 0x5d, 0xc0, 0xbb, 0xdb, 0x7c, 0x45, 0xb2, 0xb4, 0x73, 0xfb,
    0x9b, 0x8f, 0xb0, 0x54, 0xec, 0x4e, 0x11, 0x4b, 0x7b, 0xad, 0xe5, 0x4a, 0x24, 0x88, 0x5c, 0xf5,
    0xcf, 0xc3, 0xd0, 0x78, 0x17, 0x97, 0x2a, 0xfc, 0x63, 0x38, 0x1f, 0xb0, 0x43, 0x24, 0xf7, 0x0a,
    0x89, 0x26, 0x5b, 0xf5, 0x64, 0xeb, 0x22, 0xb2, 0x35, 0x41, 0x72, 0xcd, 0xc7, 0x59, 0xc9, 0x0f,
    0xe3, 0xb0, 0x69, 0x8b, 0xc9, 0xaa, 0xa5, 0x8d, 0x69, 0xb1, 0xf0, 0x1c, 0x30, 0x5e, 0x96, 0x96,
    0x51, 0xe9, 0x09, 0x08, 0x51, 0x54, 0x7a, 0x94, 0xf9, 0x0b, 0x54, 0x0c, 0x8d, 0x54, 0x76, 0x1a,
    0xcd, 0x4d, 0x7a, 0x58, 0x17, 0xd2, 0xef, 0x51, 0x60, 0xed, 0x61, 0xcc, 0x7e, 0x2a, 0x38, 0xe6,
    0x93, 0x24, 0xf7, 0x1c, 0xc9, 0x6d, 0x29, 0x8e, 0xb3, 0xc9, 0xb9, 0x6f, 0xdb, 0x94, 0xf2, 0x64,
    0x95, 0x8d, 0xe6, 0x43, 0x28, 0x37, 0x44, 0xf0, 0x4b, 0xa3, 0x88, 0x79, 0xaf, 0x64, 0xae, 0x24,
    0xe6, 0x3f, 0x48, 0xae, 0x1d, 0x94, 0x97, 0xe6, 0x5f, 0x15, 0xcf, 0xb5, 0xc9, 0x2e, 0x5c, 0x2a,
    0xab, 0xf2, 0x90, 0xda, 0x41, 0x32, 0x9f, 0x23, 0xae, 0x52, 0x24, 0xcd, 0xdc, 0x42, 0x5c, 0x1b,
    0xe8, 0x03, 0x28, 0xc1, 0x49, 0x22, 0x3b, 0x29, 0xcb, 0x0b, 0xe0, 0x9b, 0x92, 0x65, 0x74, 0x5b,
    0x73, 0x94, 0x71, 0x6a, 0x27, 0x9b, 0x0d, 0x58, 0xdf, 0x75, 0x4b, 0x65, 0xbd, 0xf9, 0x5d, 0xe0,
    0x7b, 0x05, 0x8b, 0xe1, 0x3b, 0x80, 0x49, 0x54, 0xde, 0x2a, 0x77, 0x3c, 0x11, 0x60, 0x84, 0x88,
    0xd5, 0x42, 0x2f, 0xf0, 0x64, 0x6e, 0x70, 0x48, 0x4a, 0xe7, 0xfe, 0x24, 0x75, 0x58, 0x8a, 0x58,
    0x52, 0x07, 0x31, 0x37, 0x11, 0xcb, 0x49, 0x89, 0x0e, 0x4e, 0xcc, 0x2d, 0x12, 0x25, 0x87, 0x98,
    0xcf, 0xd1, 0x61, 0x9d, 0xb0, 0x24, 0x8c, 0x5d, 0xd9, 0x9d, 0x74, 0x6f, 0xe0, 0xf2, 0xe1, 0x03,
    0x6b, 0x58, 0x4c, 0x19, 0x00, 0x90, 0xaa, 0xa0, 0x94, 0x7b, 0x05, 0x3c, 0x50, 0xe5, 0x0e, 0x6d,
    0x20, 0x20, 0x44, 0x2c, 0x87, 0xd1, 0x9b, 0x4d, 0xa7, 0xb9, 0xf4, 0xd3, 0x64, 0x45, 0x14, 0xac,
    0x69, 0xf5, 0x65, 0x40, 0x55, 0xcc, 0x1a, 0x9b, 0x33, 0x33, 0xad, 0x59, 0xe4, 0xbc, 0x32, 0xeb,
    0x2e, 0xf5, 0x07, 0x2e, 0xb7, 0x54, 0xd1, 0xc1, 0xb9, 0x3c, 0xd0, 0x58, 0xb5, 0x33, 0x4a, 0xd5,
    0xec, 0x57, 0xc2, 0x43, 0x33, 0x81, 0x70, 0xa0, 0x2f, 0xb4, 0x30, 0x6f, 0x3d, 0x34, 0x62, 0x61,
    0xe8, 0xac, 0x86, 0xad, 0x8d, 0x2b, 0x19, 0xe9, 0x56, 0x97, 0xc7, 0x95, 0x88, 0x4b, 0xeb, 0x26,
    0xae, 0x0c, 0xca, 0xc5, 0x54, 0xf8, 0x2e, 0x8e, 0xb3, 0xca, 0xe6, 0xb7, 0xad, 0x4a, 0x73, 0x22,
    0x9d, 0x8a, 0xab, 0x17, 0xd6, 0x8a, 0x05, 0xe1, 0x07, 0x8b, 0x23, 0xb1, 0x74, 0xad, 0xdc, 0xb8,
    0x56, 0xe6, 0x63, 0xb8, 0x50, 0xfc, 0xb8, 0xc0, 0x8b, 0x51, 0xf6, 0x1c, 0xe5, 0x15, 0x15, 0x18,
    0x3b, 0x5a, 0x61, 0xea, 0x5b, 0x7b, 0x86, 0xa6, 0x2e, 0x58, 0xc0, 0x5b, 0x57, 0x74, 0x48, 0x42,
    0x17, 0xcc, 0xd8, 0x67, 0xc3, 0x99, 0x43, 0xc9, 0xac, 0x80, 0xd5, 0x4b, 0xa9, 0xba, 0x83, 0xce,
    0x02, 0x42, 0x20, 0x98, 0x61, 0xe7, 0x5e, 0xaa, 0x12, 0xa9, 0xfa, 0xc8, 0x4f, 0x59, 0x90, 0xd7,
    0x8f, 0x0c, 0xaa, 0x37, 0x72, 0x65, 0x82, 0x37, 0x74, 0x2b, 0x20, 0x24, 0xed, 0x9d, 0x69, 0xf0,
    0x08, 0x48, 0xaa, 0x5e, 0x8a, 0x82, 0xc0, 0x12, 0xc4, 0xdc, 0xa3, 0xe2, 0xad, 0x59, 0x01, 0xd2,
    0xd1, 0x4e, 0x2c, 0x6d, 0xda, 0xa6, 0x8f, 0x58, 0x61, 0xa6, 0x64, 0xde, 0x6d, 0xf2, 0x0a, 0x51,
    0xc5, 0xa5, 0x59, 0xc4, 0xab, 0x7c, 0xbd, 0x10, 0x8d, 0x93, 0x22, 0x1e, 0xd3, 0x92, 0x6e, 0xdf,
    0xbf, 0xa5, 0x11, 0xa0, 0xc2, 0xd2, 0x56, 0xdd, 0x2c, 0x41, 0x44, 0x01, 0xe6, 0xb9, 0x91, 0x24,
    0x6b, 0x45, 0x2a, 0xd5, 0x8c, 0x10, 0xad, 0xf2, 0xee, 0x47, 0xf3, 0x70, 0xa6, 0x6d, 0x30, 0x4c,
    0xc8, 0x28, 0x72, 0xfb, 0x3d, 0x95, 0xdd, 0x2c, 0x68, 0x13, 0x7b, 0x0a, 0x02, 0x11, 0xb6, 0x11,
    0xec, 0x82, 0x11, 0x16, 0x2c, 0xc9, 0xe8, 0xce, 0x00, 0xa2, 0x88, 0xb9, 0x4d, 0x5a, 0xba, 0xaf,
    0x32, 0x91, 0x65, 0xa4, 0x64, 0x6a, 0x72, 0x11, 0x0b, 0xf7, 0x0a, 0x5a, 0x28, 0x22, 0xd4, 0x10,
    0x4b, 0xb5, 0x23, 0xc4, 0x7f, 0x07, 0x39, 0xfc, 0x04, 0x3c, 0xd0, 0xf5, 0x0f, 0x1a, 0x57, 0x19,
    0x57, 0x62, 0xd8, 0x3a, 0xf4, 0x92, 0x7d, 0x74, 0x1d, 0xf6, 0xe1, 0x3a, 0x70, 0x46, 0x62, 0x7e,
    0xb5, 0xef, 0x12, 0xc9, 0x7e, 0x9d, 0x9a, 0x21, 0x14, 0xca, 0x47, 0x9f, 0x1c, 0xae, 0x3c, 0x10,
    0xc4, 0x81, 0xd1, 0xfd, 0xce, 0x82, 0x50, 0xc9, 0xbb, 0xdd, 0x7d, 0x8f, 0xfd, 0x6b, 0xd9, 0xc3,
    0x88, 0x4d, 0x7c, 0x0b, 0x31, 0x33, 0xec, 0xa0, 0x38, 0x98, 0x58, 0xf6, 0x5f, 0x9c, 0x51, 0x12,
    0x5e, 0xed, 0x83, 0x50, 0xea, 0x75, 0xf1, 0x32, 0xc3, 0x7a, 0x27, 0x9c, 0x05, 0x7b, 0x61, 0x3a,
    0x45, 0x60, 0xda, 0x6d, 0x31, 0x2d, 0x5c, 0xf2, 0x59, 0x92, 0xdd, 0xc6, 0x25, 0xa3, 0xd9, 0x90,
    0x2c, 0xd5, 0x5c, 0xf2, 0x69, 0x49, 0xa8, 0x49, 0x13, 0x07, 0xc7, 0xa8, 0x52, 0xcb, 0xb9, 0xc6,
    0x02, 0x26, 0xdf, 0x2c, 0x6e, 0xbf, 0xf9, 0xb0, 0x24, 0xf8, 0x03, 0x8f, 0x5a, 0x9d, 0xfb, 0x93,
    0x58, 0x46, 0x39, 0x3c, 0x1b, 0xa6, 0x7c, 0x13, 0x86, 0x3d, 0xa8, 0x45, 0x7f, 0x03, 0x56, 0x65,
    0x85, 0x86, 0xb4, 0x88, 0xee, 0xd4, 0x2c, 0x2b, 0x08, 0xf1, 0xc6, 0xa9, 0x48, 0xba, 0xb6, 0xda,
    0xcd, 0x6b, 0xbc, 0x69, 0x89, 0xec, 0x7b, 0xce, 0xf9, 0xe0, 0x6e, 0x74, 0x2e, 0x8c, 0x5b, 0x3d,
    0xed, 0x61, 0x99, 0xd6, 0xc0, 0x23, 0x05, 0x50, 0xa3, 0x54, 0x3e, 0x4c, 0x67, 0xf8, 0x3e, 0x16,
    0xa4, 0x71, 0x14, 0x28, 0x93, 0x25, 0x93, 0xf1, 0x81, 0x2c, 0xaa, 0x01, 0xb3, 0x75, 0xf8, 0xe1,
    0xa0, 0x6c, 0x17, 0x33, 0x76, 0xab, 0xf2, 0x1f, 0xb1, 0xaa, 0xd8, 0x65, 0x84, 0x8b, 0xb7, 0xc3,
    0xb8, 0x5d, 0xbf, 0xf9, 0x16, 0x99, 0x98, 0x26, 0xf6, 0x07, 0xf8, 0xa5, 0xff, 0x6a, 0x84, 0x19,
    0xff, 0xc7, 0x08, 0x4b, 0x6b, 0x80, 0xa7, 0x81, 0xc4, 0x58, 0x18, 0x27, 0x3b, 0x34, 0x8e, 0x3d,
    0x20, 0xf8, 0xad, 0xca, 0x7c, 0x75, 0x20, 0xe2, 0x11, 0x3d, 0xe1, 0x69, 0xe2, 0x6d, 0x76, 0xcb,
    0x2f, 0x3a, 0x1f, 0x81, 0xc1, 0xaa, 0x8e, 0xe1, 0x42, 0x8f, 0xf0, 0x53, 0xa7, 0xa6, 0xdc, 0x4b,
    0x34, 0xb4, 0xca, 0x89, 0x25, 0x0c, 0x53, 0x0d, 0x69, 0xc1, 0x5e, 0x94, 0x65, 0x23, 0xc9, 0xee,
    0x22, 0x5e, 0xa3, 0x9b, 0xfb, 0x4d, 0x30, 0x4a, 0x12, 0xfb, 0x27, 0xd3, 0x08, 0xa3, 0xac, 0x20,
    0x58, 0x51, 0x37, 0x19, 0x23, 0x8f, 0x66, 0xee, 0x37, 0xa4, 0x11, 0x92, 0x89, 0xdd, 0x6e, 0xc8,
    0x24, 0x76, 0xd7, 0x6b, 0xeb, 0xc1, 0x28, 0xec, 0x76, 0x6b, 0x5b, 0x28, 0xac, 0xb0, 0x98, 0xdb,
    0x73, 0x22, 0x08, 0x6e, 0x3a, 0xbd, 0xe5, 0x87, 0xa4, 0x89, 0x66, 0x04, 0x9e, 0xcf, 0x12, 0x93,
    0x39, 0x88, 0x10, 0xfb, 0xbe, 0x2c, 0x12, 0xba, 0xf0, 0x91, 0x3d, 0x5f, 0xcc, 0x64, 0x02, 0x8b,
    0x5a, 0xff, 0x81, 0xb2, 0xa0, 0xc7, 0xa0, 0x3a, 0xbb, 0x4b, 0x51, 0x80, 0x1e, 0xe5, 0xd3, 0xf9,
    0xf0, 0x25, 0x2f, 0x85, 0xaf, 0x8f, 0xfb, 0xd1, 0x8e, 0xea, 0x7e, 0x07, 0x53, 0x09, 0x08, 0x31,
    0xb0, 0xa2, 0x5a, 0xab, 0x72, 0x7c, 0x16, 0x9d, 0xb9, 0x2f, 0xc6, 0x59, 0x06, 0xcb, 0xda, 0xf9,
    0x29, 0xa5, 0x93, 0x15, 0x26, 0x28, 0xcf, 0x3f, 0x0a, 0x3d, 0x56, 0xc3, 0xd7, 0xfb, 0x7f, 0x00,
    0x11, 0xf6, 0x45, 0xbc, 0xf7, 0x07, 0x35, 0x98, 0x88, 0x74, 0xc6, 0xa7, 0x00, 0x60, 0x0d, 0xa6,
    0x9a, 0x5b, 0xc7, 0x31, 0x90, 0x19, 0x79, 0x94, 0x5d, 0x18, 0xc9, 0x2f, 0x21, 0x5e, 0x29, 0x31,
    0x1a, 0x20, 0xfa, 0xc4, 0x9d, 0xb1, 0x81, 0x1d, 0xf3, 0x8c, 0x81, 0xd5, 0x10, 0x07, 0xee, 0x4f,
    0xd3, 0xd9, 0x20, 0xd7, 0xb3, 0x2a, 0xb3, 0x66, 0xa9, 0x06, 0xc6, 0xcd, 0x03, 0x5f, 0x15, 0x2b,
    0x83, 0x9c, 0x12, 0x46, 0xa7, 0xa7, 0x2c, 0xd9, 0x19, 0xbb, 0xf3, 0x62, 0xe5, 0xb2, 0xbd, 0x54,
    0x2d, 0xc7, 0x39, 0x8b, 0x52, 0x41, 0xb8, 0x9e, 0x55, 0x89, 0xaa, 0x5c, 0xf6, 0x11, 0xd6, 0xf2,
    0x53, 0x95, 0xde, 0x5f, 0x82, 0xc6, 0x99, 0xbb, 0xde, 0x7f, 0x1a, 0x97, 0xd1, 0xec, 0x7f, 0x7f,
    0x2d, 0xae, 0x6d, 0x37, 0x04, 0x6e, 0xce, 0x9a, 0x64, 0xba, 0x0e, 0x69, 0x93, 0x43, 0xeb, 0x40,
    0x4e, 0xd7, 0x4e, 0xff, 0x14, 0xba, 0x79, 0x23, 0xf0, 0x9b, 0x75, 0x4e, 0x32, 0xb3, 0x4c, 0xa6,
    0x72, 0x32, 0x92, 0x0a, 0x24, 0x50, 0xf7, 0xb8, 0x93, 0x87, 0x1a, 0xf0, 0xf0, 0x43, 0x35, 0x73,
    0x9d, 0xef, 0x26, 0x63, 0xcd, 0x47, 0x43, 0x35, 0x53, 0x9c, 0x57, 0x29, 0xcc, 0xbf, 0x87, 0x6a,
    0xb8, 0xea, 0x9f, 0x60, 0xb4, 0xe0, 0xad, 0x09, 0xa2, 0x46, 0x6a, 0x59, 0x29, 0x31, 0x56, 0x5a,
    0x65, 0xf8, 0x6c, 0xf7, 0xb2, 0x70, 0xc6, 0x58, 0x3f, 0xe6, 0xb8, 0x90, 0x2e, 0x4f, 0x36, 0x3c,
    0xc3, 0x30, 0xf1, 0x2d, 0xe2, 0x45, 0xe6, 0xa8, 0x61, 0x15, 0x0c, 0x6b, 0x2d, 0x66, 0xb2, 0x72,
    0xec, 0x8a, 0x7e, 0x2c, 0xa2, 0x89, 0xb6, 0x2b, 0xf5, 0x14, 0x9f, 0xa6, 0x38, 0xca, 0x39, 0x2f,
    0x5c, 0xc3, 0x38, 0x77, 0x67, 0xc0, 0x5c, 0x5f, 0x5d, 0x12, 0xe2, 0xcb, 0x34, 0xe7, 0x1d, 0x18,
    0xd5, 0x17, 0xe1, 0xdc, 0x0f, 0xe4, 0x28, 0x4f, 0x1b, 0x28, 0xac, 0xd1, 0x4d, 0xe5, 0xcd, 0x1b,
    0x81, 0xac, 0x60, 0xf7, 0xb2, 0x3e, 0xbf, 0x4a, 0x83, 0xef, 0x3a, 0x4c, 0x57, 0xec, 0x5a, 0x04,
    0x11, 0x95, 0x6c, 0x39, 0xa9, 0xe8, 0x91, 0x3c, 0x8f, 0xd1, 0xed, 0x6a, 0x16, 0xc2, 0xc1, 0x79,
    0x8a, 0xc7, 0x16, 0x85, 0x82, 0xc4, 0xaa, 0xae, 0x0c, 0x30, 0xb5, 0xe4, 0x14, 0x99, 0x60, 0x74,
    0xcb, 0xf2, 0x1f, 0x60, 0xed, 0xad, 0x4e, 0xdc, 0xcc, 0xb2, 0x5a, 0x33, 0xb3, 0x94, 0x2f, 0xa3,
    0x28, 0x65, 0xb2, 0xeb, 0x4b, 0xa8, 0x2f, 0x0e, 0x77, 0x4e, 0x05, 0xee, 0x5b, 0x95, 0x0f, 0xf4,
    0x21, 0x92, 0x96, 0xca, 0xae, 0xc1, 0xe1, 0x2d, 0xb5, 0x43, 0x2d, 0xf7, 0xcb, 0xae, 0x3d, 0xd8,
    0x12, 0xe1, 0xdc, 0x95, 0x8c, 0x2d, 0xa5, 0x43, 0x2d, 0x5a, 0x63, 0x20, 0xbd, 0x73, 0x3b, 0x28,
    0x4a, 0xed, 0x3b, 0x07, 0x01, 0x82, 0xdb, 0x7f, 0xa2, 0xae, 0x1f, 0xcd, 0x5d, 0x20, 0xfd, 0xf1,
    0xb7, 0x57, 0x82, 0xd6, 0xf0, 0xda, 0x44, 0xe1, 0x1f, 0x9d, 0x34, 0x95, 0x85, 0x10, 0xe5, 0x80,
    0x7c, 0x00, 0x81, 0x0e, 0xb4, 0x52, 0x20, 0xc7, 0x92, 0x9a, 0x54, 0x04, 0x19, 0x2b, 0xba, 0xc3,
    0xb8, 0xea, 0x47, 0x01, 0xc6, 0xd7, 0x05, 0xc1, 0xd1, 0xe1, 0x6f, 0xd1, 0xf5, 0xb6, 0x79, 0xda,
    0x23, 0xe4, 0xd4, 0x30, 0x74, 0xc2, 0xe4, 0xc2, 0xcf, 0x48, 0x45, 0x4b, 0x1f, 0x3c, 0x5e, 0x81,
    0xe6, 0xa3, 0xd0, 0x0c, 0xab, 0x36, 0x4a, 0x72, 0x9d, 0xa4, 0xb8, 0x0e, 0x7f, 0x46, 0x7f, 0x2e,
    0x80, 0x0a, 0x40, 0xa1, 0x1e, 0x5b, 0x03, 0xd2, 0x5b, 0x2d, 0x88, 0xa4, 0xa2, 0x83, 0x64, 0xb7,
    0x73, 0xa9, 0x03, 0xb5, 0x87, 0x0f, 0x51, 0xda, 0x00, 0x46, 0xe1, 0xf6, 0x0c, 0x84, 0x57, 0x80,
    0xbf, 0xba, 0xc2, 0x0e, 0xc4, 0x63, 0x8a, 0x2b, 0xf8, 0x97, 0xdd, 0xe2, 0x18, 0x66, 0xcb, 0x18,
    0x48, 0xb4, 0x75, 0x28, 0xd9, 0xe3, 0x97, 0xdd, 0x02, 0x7f, 0xbf, 0x45, 0x0f, 0x65, 0xe4, 0x73,
    0x50, 0x1d, 0x7d, 0x13, 0xa1, 0x8c, 0xd9, 0xf1, 0x5e, 0xf0, 0x93, 0x7e, 0xf4, 0x49, 0xe6, 0x0e,
    0x09, 0xf2, 0x85, 0xec, 0x2e, 0x07, 0x59, 0xa5, 0xab, 0x79, 0x66, 0xbc, 0x83, 0xd8, 0xf5, 0x35,
    0x3b, 0x27, 0x4a, 0xae, 0x26, 0x1c, 0x39, 0x2d, 0x4a, 0xca, 0xed, 0x20, 0xcf, 0x44, 0x4b, 0x72,
    0x1b, 0x16, 0x57, 0xc5, 0x11, 0x7b, 0xac, 0x64, 0x6e, 0x73, 0x90, 0xb4, 0xb9, 0xdc, 0x9e, 0x3b,
    0xec, 0x05, 0xb2, 0x73, 0x1e, 0x04, 0x5d, 0xe6, 0x73, 0x48, 0x40, 0x4b, 0x65, 0x85, 0x9f, 0x21,
    0x69, 0x09, 0xbc, 0x5e, 0xce, 0xfd, 0x03, 0x44, 0xe5, 0x53, 0x3d, 0x9d, 0x7a, 0xf8, 0x89, 0xf2,
    0x85, 0x81, 0x43, 0xda, 0x69, 0x30, 0x06, 0x64, 0x08, 0xb4, 0xba, 0xc9, 0xa5, 0x1c, 0xab, 0x72,
    0x86, 0x0d, 0x8a, 0x68, 0x1d, 0x35, 0x17, 0xb0, 0xf8, 0x27, 0x49, 0x1a, 0x64, 0x2c, 0x55, 0xc7,
    0x70, 0xd9, 0x87, 0x25, 0x0b, 0x55, 0x5d, 0xd5, 0x2c, 0x26, 0x06, 0x20, 0x2e, 0x6f, 0x2b, 0x5f,
    0xa0, 0xe9, 0xbc, 0x0c, 0x72, 0xed, 0x72, 0x61, 0xa5, 0x45, 0x07, 0xca, 0x5a, 0xb9, 0xc3, 0xc4,
    0x2e, 0x90, 0x5f, 0x66, 0xf9, 0x5e, 0xc9, 0xfc, 0x4b, 0xe3, 0x19, 0x98, 0x13, 0x6e, 0x02, 0x44,
    0x49, 0xe6, 0x43, 0xf2, 0x5b, 0x6a, 0xd4, 0x9b, 0x3c, 0xd5, 0xa3, 0x00, 0x1d, 0xc9, 0x51, 0xb2,
    0xc6, 0x64, 0xec, 0xfd, 0xfc, 0x0e, 0x66, 0xfd, 0xfb, 0x5f, 0x8d, 0x8e, 0x40, 0x12, 0x6e, 0x2f,
    0xe0, 0x23, 0x5d, 0xcd, 0x7c, 0xde, 0xaa, 0x14, 0xc1, 0xe7, 0xdb, 0x0a, 0x09, 0xf9, 0xc5, 0x4c,
    0xab, 0xec, 0x2a, 0x07, 0x10, 0x2b, 0x5a, 0xa2, 0xec, 0xc5, 0x54, 0x3c, 0xbc, 0xd5, 0xd3, 0x11,
    0x15, 0x03, 0x34, 0x00, 0x9f, 0x82, 0xed, 0x72, 0xee, 0x49, 0x9b, 0x12, 0x19, 0x9a, 0x87, 0x90,
    0x1d, 0xdf, 0x97, 0x5e, 0x6c, 0xb0, 0xc9, 0xfb, 0x10, 0xd2, 0xae, 0x4c, 0x53, 0x7b, 0x92, 0x9b,
    0x40, 0xa5, 0xef, 0x27, 0x7d, 0x57, 0xed, 0x43, 0x68, 0xcf, 0x2b, 0x81, 0xc7, 0x82, 0x4e, 0x68,
    0x18, 0xde, 0x10, 0x52, 0xf3, 0x49, 0xab, 0xb2, 0x8f, 0x09, 0x22, 0xe5, 0x47, 0x1b, 0x2f, 0x77,
    0xfe, 0x1c, 0x03, 0xad, 0x04, 0xa5, 0x68, 0x9e, 0x6a, 0xeb, 0x1b, 0x8a, 0x33, 0x94, 0x5c, 0xf5,
    0x59, 0xac, 0xf0, 0x1b, 0x64, 0xe1, 0xed, 0x83, 0xe3, 0x68, 0x4a, 0xd0, 0xf3, 0x21, 0x77, 0x20,
    0xfb, 0x3a, 0xb1, 0x2e, 0x12, 0x26, 0x71, 0x07, 0x2c, 0xed, 0x9e, 0x2f, 0xf4, 0x63, 0x8e, 0x63,
    0x3e, 0x6c, 0x5d, 0x44, 0x1a, 0x7d, 0x11, 0xa4, 0x11, 0x9e, 0x25, 0x8b, 0x02, 0xc1, 0x0f, 0x77,
    0xa0, 0x54, 0x27, 0xa7, 0x1a, 0x03, 0xb0, 0x64, 0xbd, 0x24, 0x7d, 0x29, 0x59, 0xbd, 0x18, 0xe2,
    0x2c, 0x77, 0x2a, 0x9d, 0x1c, 0x78, 0x91, 0x77, 0xc2, 0xd5, 0x81, 0xd2, 0x13, 0xc9, 0x76, 0x7d,
    0x63, 0x4a, 0xd4, 0x0d, 0x98, 0x63, 0x63, 0x4a, 0x34, 0x37, 0x16, 0x6c, 0x59, 0xfa, 0x62, 0x92,
    0x12, 0xdb, 0x98, 0x82, 0xe2, 0x83, 0xe9, 0x14, 0x66, 0x5c, 0x6d, 0x55, 0xc7, 0xaa, 0xd9, 0xef,
    0x2c, 0x59, 0x02, 0x6a, 0xc9, 0x79, 0x72, 0x82, 0xdb, 0x9f, 0x34, 0x9e, 0x3b, 0xb0, 0x4d, 0xc7,
    0xed, 0xe9, 0x97, 0x5d, 0xc7, 0x60, 0x7e, 0x4e, 0x64, 0x7a, 0x31, 0xe8, 0xdd, 0x84, 0xc7, 0x82,
    0x71, 0x1b, 0x24, 0x9b, 0x7c, 0x31, 0x77, 0xc0, 0x3e, 0x55, 0xdc, 0xae, 0x31, 0x08, 0x63, 0xb8,
    0x03, 0x69, 0x51, 0x9e, 0x76, 0xfd, 0x98, 0x7a, 0x19, 0x04, 0xf3, 0xa2, 0x55, 0xd1, 0xab, 0xc4,
    0xa0, 0x29, 0x7b, 0x0b, 0xed, 0x41, 0xa3, 0x24, 0xb4, 0x13, 0xa1, 0x83, 0xdb, 0x23, 0x74, 0xd9,
    0x15, 0xfb, 0x83, 0x2a, 0xa5, 0x17, 0xc9, 0x80, 0xf1, 0xb2, 0xcd, 0x6e, 0xb3, 0xc1, 0xe2, 0x5b,
    0x95, 0x4b, 0xb4, 0x0b, 0x08, 0x40, 0x87, 0xac, 0x71, 0x21, 0xa1, 0x10, 0x6a, 0xbb, 0x7e, 0x48,
    0x39, 0xea, 0x4b, 0xe3, 0x0e, 0xa4, 0xcc, 0xa5, 0xfa, 0x38, 0x3a, 0x40, 0x3d, 0x12, 0x15, 0x7f,
    0xe2, 0xe5, 0xf6, 0xf4, 0xd9, 0x95, 0xd1, 0x2a, 0x3a, 0xee, 0x80, 0x0d, 0x08, 0xb6, 0xcd, 0xe3,
    0x0e, 0x3c, 0x35, 0xd7, 0xf3, 0x45, 0x84, 0x31, 0x90, 0x93, 0x99, 0x93, 0x85, 0x98, 0x03, 0x0b,
    0x95, 0x22, 0x6a, 0x2e, 0xa2, 0xc5, 0x41, 0x43, 0xf9, 0x78, 0x63, 0xef, 0x2a, 0x29, 0x17, 0x22,
    0x35, 0x7f, 0xa7, 0x8f, 0x0a, 0xa3, 0x1f, 0x5c, 0xb4, 0x9c, 0x34, 0x1e, 0x74, 0xdb, 0xd8, 0x0b,
    0x0d, 0x10, 0x9d, 0x10, 0xe1, 0x9c, 0xe7, 0x7a, 0x44, 0xad, 0xc6, 0x88, 0xce, 0xb5, 0x01, 0x80,
    0xd8, 0x53, 0x62, 0x85, 0x8e, 0xa9, 0x5d, 0x35, 0x16, 0x0c, 0x33, 0x14, 0x2b, 0x6f, 0x73, 0x9c,
    0x0b, 0xe3, 0xe8, 0x8f, 0x12, 0xf9, 0x68, 0x95, 0x35, 0x06, 0x95, 0x4f, 0x56, 0xc5, 0xff, 0x08,
    0x65, 0x50, 0xed, 0xa8, 0xb8, 0x99, 0xdc, 0xfe, 0x26, 0x39, 0x6a, 0xb9, 0x9c, 0xfa, 0xd3, 0x9e,
    0x65, 0xe1, 0xb8, 0xf7, 0xf5, 0x0a, 0x98, 0x5b, 0x46, 0x8e, 0xfa, 0x29, 0xa4, 0x7f, 0xf2, 0xab,
    0x11, 0x08, 0x2e, 0xef, 0x9e, 0x8c, 0x3f, 0x9f, 0xdf, 0xc1, 0x34, 0xa0, 0xa2, 0xad, 0x36, 0x35,
    0x2f, 0xb2, 0x26, 0x75, 0x6a, 0x7f, 0x8a, 0xf0, 0x0f, 0xe3, 0x19, 0xa9, 0xe2, 0x4a, 0xad, 0x26,
    0xa7, 0x26, 0x75, 0x42, 0x44, 0xb2, 0x38, 0x30, 0x4a, 0xe8, 0x21, 0x50, 0x4e, 0x8b, 0x05, 0x49,
    0xa8, 0xa9, 0x1e, 0x77, 0x1a, 0x3a, 0xd5, 0xa6, 0xcd, 0x80, 0xa7, 0x16, 0x78, 0x72, 0x35, 0x03,
    0xd9, 0x9c, 0xeb, 0x6b, 0x74, 0xf1, 0x38, 0x50, 0xe5, 0x21, 0x8a, 0xdc, 0x20, 0x68, 0x45, 0x77,
    0xa0, 0xac, 0x1b, 0x42, 0x49, 0x59, 0xc6, 0x0a, 0x6f, 0xaa, 0x96, 0x65, 0x2a, 0x97, 0xa1, 0x39,
    0x67, 0xea, 0x56, 0x4c, 0x62, 0x99, 0xcf, 0x2a, 0xe1, 0x8b, 0x33, 0xd7, 0x07, 0x04, 0x5d, 0x66,
    0xa0, 0x25, 0xe8, 0x79, 0x52, 0xd0, 0x94, 0xae, 0x1a, 0xdb, 0xeb, 0xd1, 0x72, 0x2e, 0xdc, 0xa3,
    0xa9, 0x03, 0x17, 0x0f, 0x5d, 0x23, 0xce, 0x19, 0x12, 0x85, 0x7e, 0x70, 0xe7, 0xb5, 0xe0, 0x48,
    0xf9, 0x67, 0x1a, 0xcd, 0x4a, 0x70, 0x77, 0x32, 0x90, 0xbe, 0x74, 0x3e, 0x6f, 0x14, 0xef, 0x68,
    0xb9, 0x37, 0x3c, 0xe2, 0x9d, 0xb1, 0xfc, 0xb3, 0x91, 0x16, 0xa5, 0xd7, 0xc3, 0xf2, 0x6b, 0xb9,
    0x23, 0x6e, 0xab, 0xd2, 0x32, 0x86, 0xae, 0x4d, 0x4d, 0xea, 0xf4, 0xe6, 0x14, 0xec, 0xac, 0x59,
    0x9c, 0x0e, 0x7e, 0xf8, 0xaf, 0xbe, 0xe9, 0xbd, 0x66, 0x85, 0x05, 0xde, 0x0b, 0xcf, 0xa9, 0xb5,
    0x9f, 0x63, 0x58, 0x87, 0xb1, 0xb9, 0x02, 0xcd, 0x9f, 0x14, 0x8f, 0x95, 0xcd, 0xcd, 0x56, 0xbb,
    0x52, 0x1b, 0x19, 0xb4, 0xf2, 0xea, 0x2e, 0x49, 0xd0, 0xe8, 0xd1, 0xc5, 0xf3, 0x69, 0x2b, 0x6f,
    0x6b, 0xe1, 0x97, 0x5f, 0x2e, 0x09, 0xe7, 0xd2, 0x40, 0x68, 0xb8, 0x3d, 0x0d, 0x1e, 0x25, 0x02,
    0x62, 0x4c, 0xb1, 0xde, 0x20, 0x9a, 0xaf, 0x18, 0x4c, 0x5e, 0x6e, 0x57, 0x02, 0xcc, 0xda, 0x17,
    0x01, 0x1d, 0x7c, 0x97, 0x60, 0xd5, 0xb9, 0x3d, 0xb9, 0xed, 0xb6, 0x4c, 0xc5, 0x38, 0x57, 0x95,
    0xa9, 0x70, 0xa8, 0x22, 0xfe, 0xaa, 0x63, 0x09, 0x21, 0x2d, 0x28, 0xd6, 0x29, 0x87, 0xe6, 0x86,
    0x02, 0xc0, 0xb1, 0x10, 0xdd, 0x70, 0x8b, 0xe8, 0xf0, 0x75, 0x63, 0x31, 0xf8, 0xd8, 0x31, 0x1a,
    0x39, 0xea, 0x05, 0x01, 0x64, 0x32, 0x84, 0x6e, 0x54, 0xa2, 0xc5, 0xc6, 0xde, 0xce, 0x7d, 0xe8,
    0x94, 0x0c, 0x10, 0xc6, 0x69, 0x95, 0x2f, 0x16, 0x52, 0x68, 0xa8, 0x7c, 0x07, 0xf7, 0xd8, 0xbc,
    0x86, 0x60, 0x7d, 0xb3, 0x5a, 0xef, 0x6b, 0x1d, 0xda, 0x4b, 0x22, 0x96, 0x2e, 0x69, 0x1b, 0xb8,
    0x5a, 0x31, 0xa0, 0x3b, 0xf8, 0x0d, 0x87, 0x49, 0x74, 0x93, 0x18, 0xd0, 0x1f, 0xf9, 0x26, 0x80,
    0x8f, 0xfe, 0x31, 0xa7, 0xc4, 0x80, 0xe1, 0xf3, 0x6f, 0xc0, 0xd8, 0x71, 0xe6, 0xab, 0xe2, 0x40,
    0x58, 0xd9, 0x46, 0xd3, 0xa5, 0x2d, 0x45, 0x32, 0x84, 0x58, 0x7a, 0x48, 0x0d, 0x02, 0xe0, 0x41,
    0x20, 0xbb, 0x91, 0x51, 0x63, 0x3e, 0xa2, 0x46, 0x4c, 0x03, 0xda, 0x9f, 0x2e, 0x7a, 0x35, 0x08,
    0xaa, 0x31, 0x5d, 0xda, 0xfc, 0x85, 0x5d, 0xf9, 0xc7, 0x0f, 0xd4, 0x69, 0x78, 0x20, 0x3b, 0x01,
    0x0d, 0x70, 0x05, 0xe4, 0x5c, 0x3f, 0x3f, 0x13, 0x32, 0x00, 0x4b, 0x07, 0x00, 0x93, 0xa8, 0x4f,
    0x01, 0x83, 0x4d, 0x29, 0xa2, 0xe2, 0xdf, 0x01, 0x80, 0x69, 0xa6, 0x3e, 0xe1, 0x3a, 0x9d, 0x12,
    0x69, 0x1a, 0xb6, 0xe7, 0x83, 0x1b, 0x2f, 0x19, 0x7a, 0x29, 0x33, 0x31, 0x20, 0xc4, 0x06, 0x84,
    0x68, 0xc8, 0xcd, 0x03, 0x82, 0x1e, 0x84, 0x45, 0x59, 0x40, 0x0d, 0x5d, 0x14, 0x05, 0xb2, 0x23,
    0x54, 0xa9, 0x5e, 0x4a, 0x4b, 0x85, 0x40, 0xd8, 0x1a, 0xd8, 0x9c, 0xa8, 0xb4, 0x3c, 0x40, 0x19,
    0x5c, 0x9c, 0x61, 0x57, 0xfe, 0xa2, 0x3e, 0x3e, 0x73, 0x6f, 0x0b, 0xc9, 0x40, 0xb2, 0xcf, 0x81,
    0x23, 0x96, 0xcc, 0x51, 0x63, 0xcd, 0xd1, 0x5c, 0xf5, 0xff, 0x30, 0x54, 0x05, 0xb9, 0x03, 0x49,
    0x3a, 0x6e, 0xff, 0xf2, 0xf1, 0xdc, 0x1e, 0xc8, 0x82, 0xdb, 0x8c, 0xcd, 0xe0, 0x0f, 0xb2, 0xaf,
    0x00, 0xb5, 0xe1, 0x16, 0x1d, 0x88, 0xc4, 0xa4, 0x6c, 0x3d, 0x18, 0x75, 0xc8, 0xbd, 0x25, 0xa1,
    0xcd, 0x9e, 0x95, 0xa9, 0xac, 0xf3, 0x05, 0xa3, 0xce, 0x76, 0x72, 0x56, 0xaa, 0x88, 0x7a, 0x10,
    0x12, 0x35, 0x4b, 0xf4, 0x34, 0xcb, 0x15, 0x6e, 0xcf, 0x55, 0x10, 0x91, 0xbe, 0xeb, 0xec, 0x25,
    0x29, 0x57, 0x89, 0x6f, 0x20, 0xb9, 0x0a, 0x04, 0x71, 0x31, 0x2d, 0xc4, 0xdc, 0x15, 0x7f, 0x95,
    0x6e, 0x92, 0xc5, 0x34, 0x98, 0xfa, 0x48, 0x53, 0x0c, 0xa4, 0x1f, 0x17, 0xb9, 0xe4, 0x3e, 0xf0,
    0x7e, 0x90, 0x99, 0x48, 0xba, 0x1a, 0xd1, 0x33, 0x88, 0xa9, 0xc7, 0xfe, 0x64, 0x18, 0xdf, 0x63,
    0x6c, 0x0e, 0x4f, 0x36, 0x80, 0x2c, 0x73, 0x07, 0xb2, 0xc0, 0x9c, 0x1c, 0xef, 0xfb, 0x92, 0x6d,
    0x0d, 0x37, 0x2b, 0x93, 0x60, 0xc9, 0xb2, 0xb5, 0x90, 0x12, 0xb2, 0x03, 0x36, 0x3b, 0x64, 0xce,
    0x18, 0xca, 0x27, 0xc0, 0xd8, 0x0a, 0xa7, 0x43, 0x2f, 0x77, 0x85, 0xf2, 0x31, 0x9a, 0xed, 0x96,
    0x84, 0xe8, 0x09, 0x97, 0x4c, 0xb7, 0x49, 0x4b, 0x8c, 0x9f, 0xdb, 0x85, 0xbb, 0x2b, 0xe2, 0x31,
    0xc3, 0x30, 0x13, 0x6b, 0x95, 0x2a, 0xb4, 0x52, 0x92, 0x06, 0x37, 0xcf, 0x1f, 0x10, 0xfb, 0xf5,
    0x42, 0x2a, 0x64, 0xc7, 0xa3, 0xb9, 0x03, 0x2f, 0xc2, 0x48, 0x2f, 0xc6, 0xca, 0x51, 0x76, 0x6b,
    0x71, 0x98, 0x35, 0x2b, 0x27, 0x60, 0x54, 0xea, 0x68, 0x0c, 0x17, 0xeb, 0x7b, 0x91, 0x72, 0x66,
    0x4f, 0x52, 0xac, 0xac, 0x79, 0xdd, 0x78, 0x26, 0xab, 0x58, 0x93, 0x65, 0xc5, 0xe6, 0x9f, 0xa9,
    0x21, 0x5e, 0xe5, 0xf3, 0xe1, 0x9c, 0xef, 0x29, 0xc4, 0x21, 0x0b, 0x37, 0x1d, 0xb8, 0x3b, 0x1e,
    0xc2, 0x45, 0x2e, 0x90, 0xb3, 0xad, 0x3e, 0xf6, 0x2c, 0xdb, 0x83, 0x28, 0x6d, 0xd0, 0x6c, 0x87,
    0x6e, 0xcf, 0xa9, 0xdd, 0xb8, 0x03, 0xa3, 0x68, 0x8e, 0x38, 0x27, 0x00, 0xc2, 0x47, 0x06, 0x7a,
    0xeb, 0x59, 0xce, 0xec, 0x91, 0x2c, 0x5a, 0xc2, 0x82, 0x2c, 0x84, 0xa8, 0xcd, 0xed, 0x8c, 0xec,
    0xa5, 0x5b, 0xcf, 0x46, 0x77, 0x88, 0x7a, 0x29, 0x57, 0x67, 0x53, 0x7e, 0x3d, 0x3a, 0xb8, 0xb5,
    0x23, 0x7a, 0xc3, 0xec, 0x8a, 0x34, 0x27, 0xa8, 0x30, 0x95, 0x4b, 0x16, 0xf0, 0xa3, 0xbc, 0xa3,
    0x17, 0x90, 0xfe, 0x44, 0x9b, 0x55, 0xb9, 0x1b, 0x41, 0xd7, 0x5d, 0xca, 0xd5, 0x56, 0x6e, 0x1f,
    0x07, 0xe1, 0x7d, 0x8e, 0xf3, 0xa7, 0x10, 0xee, 0xdb, 0x94, 0xb4, 0x07, 0x55, 0x5d, 0xb8, 0x3f,
    0xc7, 0xa6, 0x3c, 0x14, 0x16, 0x72, 0xc1, 0xe3, 0xa1, 0xe4, 0xa5, 0x1b, 0x79, 0xe8, 0x3b, 0xc7,
    0x92, 0xad, 0x5a, 0x52, 0xaa, 0x6e, 0xbf, 0x1a, 0xdd, 0xbe, 0x3e, 0x2a, 0x63, 0x82, 0xb6, 0xf2,
    0x09, 0x56, 0x98, 0x52, 0xb9, 0x93, 0x65, 0x84, 0xfb, 0x02, 0x9b, 0x63, 0x03, 0x9b, 0xf5, 0x8a,
    0x33, 0x4e, 0x55, 0xe4, 0xd1, 0xf6, 0x80, 0x3d, 0x1a, 0x88, 0x08, 0x6c, 0xd6, 0x41, 0xe8, 0xaf,
    0x64, 0xaa, 0xd5, 0xc5, 0x09, 0x76, 0x25, 0x2d, 0x6e, 0x98, 0xf8, 0x81, 0x9c, 0x56, 0x2e, 0x66,
    0x85, 0xfb, 0x24, 0x8b, 0x3e, 0x3c, 0x03, 0xc4, 0x38, 0x3a, 0x13, 0x45, 0xf9, 0xc1, 0x04, 0x4a,
    0x51, 0x6e, 0x43, 0x6e, 0xe0, 0xd9, 0x28, 0x3a, 0x5b, 0xab, 0x15, 0xea, 0x51, 0x71, 0x23, 0xa8,
    0x94, 0xeb, 0x87, 0x6f, 0x88, 0x9b, 0x75, 0xb0, 0x80, 0x62, 0x45, 0x14, 0xc3, 0xbd, 0xd5, 0x70,
    0x7f, 0xae, 0xbe, 0xf2, 0x49, 0x56, 0xc8, 0x91, 0xb6, 0xe8, 0x2b, 0x5f, 0x66, 0x59, 0xde, 0x68,
    0x6c, 0xfe, 0x0c, 0x19, 0x1a, 0x9e, 0x13, 0x2b, 0xbd, 0x6c, 0x98, 0x70, 0xba, 0xea, 0x4b, 0xc6,
    0x1f, 0x08, 0x64, 0x66, 0x16, 0xb3, 0x99, 0xd6, 0x9c, 0xac, 0x4c, 0xbb, 0xb2, 0x62, 0x3a, 0xe2,
    0x8b, 0x03, 0x3a, 0xbc, 0x89, 0x2c, 0x0b, 0x3a, 0x53, 0x7d, 0x99, 0xab, 0x9e, 0x8e, 0x2e, 0xf7,
    0x91, 0x3a, 0xdc, 0x4a, 0x89, 0x38, 0xf4, 0x10, 0x3d, 0x69, 0x61, 0x3a, 0xa9, 0xbb, 0xd8, 0x7f,
    0x22, 0xd3, 0xc9, 0x80, 0xdf, 0xb2, 0x06, 0xb6, 0xc4, 0x2a, 0x6b, 0xe8, 0x4c, 0xf4, 0xc4, 0x5b,
    0x7d, 0x99, 0x9f, 0x26, 0x3d, 0x21, 0xa5, 0x69, 0xde, 0x47, 0x68, 0xb2, 0xac, 0x4e, 0x4d, 0x93,
    0x1e, 0x3e, 0x82, 0x0f, 0xbe, 0x30, 0xd2, 0x67, 0x74, 0x03, 0xd7, 0x03, 0xe5, 0x86, 0x40, 0x79,
    0xac, 0xd5, 0x9a, 0x63, 0x0b, 0xd8, 0xa2, 0x60, 0xc5, 0xe1, 0x07, 0x39, 0x04, 0x81, 0x81, 0xa3,
    0x31, 0x9c, 0x65, 0xe9, 0x1e, 0xb4, 0x93, 0x01, 0xec, 0xca, 0xf1, 0xd9, 0xea, 0x02, 0x42, 0x48,
    0x09, 0xf2, 0xfd, 0xe3, 0x58, 0x29, 0xd9, 0x40, 0x2e, 0x8e, 0xf1, 0xf0, 0xe5, 0x41, 0x0b, 0x4f,
    0x0f, 0x4e, 0xf4, 0x8c, 0xb1, 0x37, 0xbe, 0x07, 0xa2, 0xcd, 0x98, 0xfe, 0x83, 0x58, 0x32, 0x9d,
    0xe0, 0x52, 0x2e, 0x82, 0x55, 0x36, 0x5f, 0xcc, 0x01, 0xc6, 0x40, 0x0e, 0x0b, 0xfa, 0xa0, 0x0d,
    0x58, 0x71, 0xa4, 0x70, 0x3a, 0x17, 0xd2, 0x3f, 0x89, 0xce, 0xc6, 0x86, 0xf9, 0xad, 0x3d, 0x90,
    0x0d, 0x2d, 0x7a, 0xb4, 0x13, 0x6b, 0x63, 0xa5, 0x44, 0x03, 0x84, 0x62, 0xa6, 0x4b, 0x31, 0x8d,
    0xe4, 0x3c, 0xc5, 0x25, 0x2f, 0x8d, 0x24, 0x18, 0x0e, 0x6b, 0xcb, 0xde, 0xa1, 0x14, 0x41, 0x0f,
    0xe5, 0xb5, 0xfb, 0xe9, 0xba, 0xd1, 0x39, 0xe1, 0x66, 0xad, 0x6e, 0x44, 0x94, 0x12, 0x3b, 0x06,
    0x77, 0x00, 0x20, 0xee, 0x97, 0x85, 0x4b, 0x39, 0xc5, 0x11, 0x39, 0x4e, 0xdc, 0xae, 0xb2, 0xdb,
    0x94, 0x6a, 0x2d, 0x95, 0x6e, 0x6f, 0x5a, 0x04, 0xe3, 0xfc, 0x20, 0x91, 0x65, 0xec, 0xca, 0xdb,
    0xe1, 0xa1, 0x84, 0xca, 0xf5, 0x26, 0x48, 0x1b, 0x18, 0xf8, 0xcb, 0xf7, 0x87, 0xa6, 0x4b, 0xda,
    0xa4, 0xe9, 0x6e, 0x64, 0xde, 0x65, 0x7e, 0x9c, 0x29, 0x3c, 0xe8, 0x60, 0xd6, 0xe9, 0x7c, 0xdf,
    0x14, 0xeb, 0x95, 0x7d, 0x41, 0xa8, 0x06, 0xb4, 0x89, 0xe1, 0x47, 0xe8, 0xce, 0x5f, 0x20, 0xc7,
    0x89, 0x1b, 0x43, 0x39, 0x76, 0x59, 0xbe, 0x0c, 0x8a, 0x91, 0x69, 0x55, 0xa2, 0xd4, 0xf1, 0xb8,
    0xfd, 0x2e, 0xac, 0x80, 0x34, 0x96, 0x9f, 0xb2, 0x2c, 0x40, 0xb7, 0xf4, 0x4b, 0x61, 0xb0, 0x2a,
    0x2f, 0x82, 0x03, 0x02, 0x9f, 0x57, 0x72, 0x55, 0x81, 0x74, 0x93, 0x14, 0x48, 0x4b, 0xd7, 0x05,
    0x31, 0xa7, 0x68, 0x24, 0x79, 0x1b, 0x54, 0x7a, 0xbe, 0x18, 0x0b, 0x6a, 0x1d, 0x28, 0xd7, 0x66,
    0x65, 0x5a, 0x51, 0xe6, 0xdc, 0x54, 0xbb, 0xa2, 0xdf, 0x43, 0xca, 0x48, 0x8a, 0x8e, 0x50, 0x12,
    0xa5, 0x0a, 0x90, 0x3c, 0x3f, 0x89, 0x5e, 0x0d, 0x72, 0x46, 0x43, 0xe6, 0x3e, 0x09, 0x02, 0x38,
    0x73, 0x97, 0xb4, 0x4e, 0x8b, 0xc9, 0x80, 0x22, 0xbb, 0x2e, 0x83, 0xa3, 0x4b, 0xe7, 0xf6, 0xaf,
    0x86, 0x58, 0x80, 0x8f, 0xc4, 0xe0, 0x38, 0xa2, 0x46, 0x9b, 0xe8, 0xfb, 0x5f, 0x2f, 0x9e, 0x2c,
    0x74, 0xe0, 0x89, 0x21, 0x8d, 0xbb, 0xc1, 0x71, 0x42, 0x08, 0xb6, 0x7f, 0x92, 0xeb, 0x0c, 0x57,
    0xfd, 0x21, 0xc6, 0x9e, 0x42, 0x3b, 0xb7, 0x3f, 0xc5, 0x40, 0x3c, 0xe2, 0x17, 0x6c, 0x7c, 0xbd,
    0xbc, 0x26, 0x12, 0xdc, 0x8d, 0x66, 0xc7, 0xc3, 0x72, 0xf9, 0x2c, 0xd6, 0x2b, 0x76, 0xb3, 0x6c,
    0x77, 0xe5, 0xb6, 0x70, 0x96, 0x1f, 0x55, 0xb9, 0x2d, 0x2c, 0x4c, 0x88, 0xad, 0x34, 0xad, 0x12,
    0x22, 0x2b, 0xb7, 0xb1, 0x16, 0xae, 0xfa, 0xa7, 0x38, 0xc9, 0xfd, 0x2f, 0x86, 0xc5, 0xdf, 0x64,
    0xbb, 0xc5, 0x81, 0xf0, 0x97, 0xc1, 0x60, 0x83, 0xde, 0x3e, 0xc0, 0xed, 0x5f, 0x33, 0x76, 0x96,
    0x38, 0x30, 0x9f, 0x1f, 0x2d, 0x0e, 0x2c, 0xe1, 0xef, 0xf3, 0x8d, 0xae, 0xdc, 0x31, 0xf6, 0xfe,
    0x25, 0xfc, 0xf8, 0x9a, 0xdd, 0xe3, 0x90, 0x41, 0x49, 0xa6, 0x26, 0xe1, 0x0a, 0xf1, 0x78, 0xab,
    0x69, 0x89, 0x51, 0x89, 0x1e, 0x62, 0xe6, 0xec, 0xb0, 0xa1, 0xdc, 0xf7, 0x55, 0x8a, 0x3e, 0x1c,
    0x22, 0xc6, 0x78, 0xaf, 0x2f, 0xa6, 0x6a, 0x90, 0xc5, 0xfd, 0xb8, 0x5d, 0x78, 0x84, 0x0c, 0xee,
    0xfa, 0x3a, 0x03, 0x89, 0xdb, 0x9c, 0x00, 0xb0, 0x89, 0xc5, 0x93, 0x41, 0xd7, 0x43, 0x60, 0x63,
    0xa9, 0x38, 0x23, 0x41, 0xa2, 0xf7, 0x0e, 0x57, 0x5d, 0x02, 0x35, 0x55, 0x83, 0xb8, 0x75, 0xc2,
    0x89, 0x78, 0x34, 0x2d, 0x7a, 0x22, 0xec, 0x99, 0x32, 0x5d, 0x23, 0xab, 0xb2, 0x74, 0x5e, 0x30,
    0x31, 0x78, 0x84, 0x12, 0x11, 0x8c, 0x86, 0x54, 0x5a, 0x38, 0xd7, 0xa6, 0xc0, 0x30, 0x8a, 0xd6,
    0x01, 0x86, 0xce, 0x22, 0x8c, 0xcc, 0xca, 0xc3, 0xa4, 0x75, 0x91, 0x95, 0x2f, 0x07, 0x18, 0x3e,
    0x17, 0xc3, 0x16, 0x61, 0x7c, 0x40, 0xe8, 0x08, 0x08, 0x5d, 0xca, 0xd7, 0x33, 0x29, 0xcd, 0x36,
    0xc5, 0xa5, 0x26, 0xcf, 0x9e, 0xeb, 0x63, 0x8d, 0xcd, 0x99, 0xb6, 0xa0, 0xe6, 0x64, 0xda, 0x61,
    0x89, 0xe8, 0xa2, 0xfa, 0xa8, 0x35, 0x8c, 0xee, 0x5c, 0x03, 0x83, 0x14, 0xeb, 0x50, 0xc0, 0x3f,
    0x51, 0x7b, 0x82, 0x37, 0x87, 0xcc, 0x09, 0xe5, 0x99, 0x0a, 0x38, 0x2e, 0x72, 0xa9, 0x86, 0xac,
    0xd5, 0x12, 0x2f, 0x24, 0x0e, 0x09, 0x86, 0xa0, 0x69, 0x25, 0xa5, 0xfa, 0xc6, 0xc4, 0xa8, 0x4f,
    0x26, 0x42, 0x38, 0x9f, 0x18, 0x7d, 0x15, 0x7e, 0x24, 0xc8, 0xb8, 0xd2, 0x63, 0x1b, 0xd3, 0x87,
    0xc2, 0xf9, 0x74, 0x8d, 0x6f, 0xbf, 0x73, 0x5f, 0x1a, 0xdd, 0x9a, 0xf8, 0x18, 0xe6, 0xe3, 0xe4,
    0xe1, 0xd9, 0x77, 0x13, 0x8d, 0x9e, 0x25, 0x0a, 0xf5, 0xce, 0xaa, 0x97, 0xc2, 0xa4, 0x2c, 0x8d,
    0xe7, 0xcb, 0xb1, 0xe1, 0xd9, 0x7a, 0xb1, 0x95, 0x51, 0x1d, 0x7a, 0x66, 0x16, 0x5a, 0xba, 0x04,
    0xe5, 0x29, 0x95, 0xbe, 0x90, 0x95, 0x04, 0x12, 0x4b, 0xf5, 0x4a, 0xa4, 0x4a, 0x62, 0xa8, 0x52,
    0x74, 0xb7, 0x8b, 0xfd, 0x79, 0xdc, 0x1b, 0xaa, 0x33, 0x00, 0x67, 0x21, 0x67, 0xfe, 0x5a, 0x4e,
    0x6a, 0x17, 0x07, 0xa6, 0x72, 0x29, 0x9e, 0x50, 0x1d, 0x69, 0xea, 0x6b, 0xe3, 0x32, 0xd4, 0xa2,
    0x0d, 0x12, 0x28, 0xe8, 0x57, 0x1b, 0x63, 0x3c, 0x03, 0x36, 0x2b, 0xb2, 0x26, 0x56, 0x5f, 0xfb,
    0xf4, 0x04, 0x36, 0xd9, 0x77, 0xd3, 0x0b, 0x59, 0xed, 0xba, 0x60, 0xe8, 0x00, 0x20, 0xd9, 0xda,
    0xda, 0xb0, 0xda, 0x59, 0x8b, 0xdb, 0x85, 0x89, 0xc6, 0xde, 0x34, 0x08, 0x2d, 0xa3, 0x6b, 0x35,
    0x0f, 0xd7, 0xc6, 0x19, 0xd3, 0x16, 0xb7, 0xf3, 0xdd, 0xc6, 0xe6, 0xc5, 0xed, 0xdc, 0x3b, 0x1e,
    0x39, 0x75, 0x4c, 0xc0, 0x17, 0x66, 0x74, 0x0f, 0x85, 0x11, 0x2a, 0x6a, 0xee, 0x08, 0x23, 0x6f,
    0x3d, 0x0a, 0x8e, 0xe8, 0x94, 0x41, 0x0c, 0x4c, 0xe5, 0x8e, 0x4c, 0xe0, 0x52, 0xfc, 0xe4, 0x82,
    0x78, 0xda, 0x20, 0xaf, 0x38, 0x2a, 0xde, 0x06, 0xba, 0x06, 0x4c, 0x83, 0xc2, 0xa3, 0x2a, 0xd6,
    0xa5, 0x14, 0x5e, 0x93, 0x00, 0x3d, 0xb9, 0x23, 0x51, 0x46, 0x39, 0xe3, 0x28, 0x69, 0x04, 0x48,
    0x0a, 0xd6, 0x0f, 0xf0, 0xe4, 0xac, 0x78, 0x42, 0x2d, 0x5d, 0x4a, 0x33, 0x5d, 0xe3, 0xff, 0x0a,
    0x23, 0xb7, 0x0c, 0x1f, 0xf9, 0x9e, 0xfd, 0x01, 0xf7, 0x01, 0x4a, 0x66, 0xc0, 0xf3, 0x7d, 0x41,
    0xbb, 0x1c, 0xb2, 0x31, 0x77, 0x6d, 0xec, 0x13, 0x8f, 0xc7, 0x3e, 0x2e, 0x4c, 0x80, 0x69, 0xde,
    0x67, 0xba, 0x0d, 0xfa, 0x29, 0xfc, 0xaf, 0x6f, 0x3c, 0x78, 0xae, 0x48, 0xee, 0x1d, 0x37, 0xb7,
    0xdf, 0x2d, 0xa7, 0x32, 0x81, 0x11, 0x21, 0x80, 0xa0, 0x77, 0xf5, 0xf2, 0xa9, 0xab, 0x8c, 0x01,
    0x4a, 0x93, 0x6e, 0x31, 0x78, 0x15, 0xa0, 0x69, 0xb1, 0x9c, 0x74, 0x94, 0x9c, 0x40, 0x2a, 0xfa,
    0x81, 0x8a, 0x8b, 0x72, 0xf2, 0x51, 0x34, 0x52, 0x2d, 0x62, 0x93, 0x01, 0xd2, 0x45, 0xa8, 0xa9,
    0x37, 0x35, 0x08, 0x93, 0x8c, 0xee, 0xea, 0x66, 0x3e, 0xda, 0x34, 0x88, 0x83, 0x78, 0x7c, 0x1c,
    0x0c, 0x32, 0xd6, 0xe8, 0x5e, 0xdc, 0x0a, 0x03, 0xe1, 0x28, 0xc3, 0xbc, 0x37, 0x04, 0xfd, 0xb0,
    0x1e, 0x95, 0x3b, 0x58, 0x96, 0x91, 0x13, 0x59, 0xa1, 0xf7, 0x9e, 0x13, 0xd3, 0x02, 0xd9, 0x47,
    0xef, 0xe2, 0x56, 0x7c, 0x24, 0x06, 0x91, 0x76, 0xe5, 0x43, 0x46, 0x3d, 0x8c, 0xb0, 0xf8, 0x4d,
    0xa7, 0xf8, 0x27, 0x2b, 0x4d, 0x0c, 0xb7, 0xbb, 0x41, 0x04, 0x6d, 0x78, 0xab, 0xb1, 0xfa, 0x9a,
    0xb0, 0xe0, 0x08, 0x5a, 0x34, 0x93, 0xf7, 0x08, 0x0d, 0x9f, 0xce, 0x97, 0xcd, 0x4c, 0xaa, 0x49,
    0x5d, 0xe6, 0x4f, 0x27, 0xa7, 0x04, 0xb7, 0x6c, 0xee, 0x2a, 0xd6, 0xa0, 0xaf, 0x54, 0xbe, 0x9e,
    0xab, 0x46, 0xbe, 0x6e, 0x88, 0xa9, 0xdd, 0x19, 0xe8, 0x70, 0x83, 0x54, 0xd4, 0xa2, 0x48, 0xb8,
    0x15, 0x0d, 0x70, 0x81, 0x75, 0xcb, 0x9a, 0xc4, 0xbe, 0x36, 0xa6, 0x29, 0xd4, 0xc0, 0x1d, 0xf1,
    0x90, 0xe3, 0x95, 0xf5, 0xbf, 0xae, 0x1c, 0x88, 0xd8, 0x12, 0x21, 0xba, 0x7f, 0xe7, 0x9b, 0x81,
    0xc5, 0xa3, 0xc1, 0x62, 0xb3, 0x8f, 0xab, 0xf4, 0xb4, 0x88, 0xee, 0x16, 0xe3, 0x99, 0x15, 0x95,
    0xb7, 0x23, 0x61, 0xfa, 0xc3, 0x66, 0x00, 0x79, 0x9a, 0x59, 0x0f, 0x82, 0xe3, 0xe9, 0x9f, 0x09,
    0x3c, 0x32, 0x36, 0x73, 0x47, 0xa6, 0x92, 0x36, 0xcd, 0xaf, 0x97, 0x62, 0xcf, 0x86, 0xdf, 0xf9,
    0xa2, 0xa1, 0x70, 0x54, 0x2d, 0x34, 0xfb, 0xc6, 0x42, 0xa1, 0x65, 0xe9, 0x98, 0x2d, 0xf3, 0xc5,
    0x86, 0x16, 0xf1, 0x4e, 0x80, 0x7f, 0x80, 0xe0, 0x56, 0xa5, 0x54, 0xa1, 0xef, 0xfb, 0x9a, 0xdb,
    0x73, 0x9a, 0x6d, 0x85, 0x8c, 0xd4, 0xcf, 0x76, 0x93, 0x4b, 0x9e, 0x81, 0x99, 0x6c, 0xdb, 0x84,
    0x56, 0xf0, 0x4d, 0xc9, 0xc4, 0xeb, 0xfb, 0x04, 0xd6, 0x04, 0x4c, 0x5a, 0x18, 0xd1, 0x03, 0xf8,
    0xf1, 0x61, 0x33, 0x42, 0x01, 0xa8, 0xc0, 0x95, 0xe7, 0xf6, 0x73, 0x68, 0x67, 0xa7, 0x00, 0x25,
    0xae, 0x66, 0xe1, 0x3e, 0xe0, 0xa3, 0x96, 0x9e, 0xac, 0x6b, 0x3b, 0xe7, 0x80, 0xdd, 0xf0, 0x8e,
    0x5a, 0x20, 0x3f, 0xc3, 0xfa, 0x8c, 0x50, 0xdd, 0x4d, 0x0f, 0x58, 0xb4, 0x76, 0xc5, 0x31, 0x88,
    0x0f, 0xe0, 0x54, 0xd8, 0x1e, 0x5f, 0x4c, 0x7a, 0xed, 0xe8, 0xa5, 0x0b, 0xf8, 0x09, 0x90, 0x22,
    0xe2, 0x99, 0x4c, 0x3b, 0x30, 0xb7, 0x26, 0x3c, 0x3d, 0xc5, 0xd7, 0x99, 0xbe, 0x77, 0x41, 0xe5,
    0x93, 0x0b, 0xf8, 0xaf, 0x8a, 0xc3, 0x9c, 0x6b, 0xd2, 0x71, 0x4f, 0xf0, 0x15, 0x8a, 0x95, 0xa6,
    0x40, 0xb8, 0x43, 0x5b, 0x1c, 0xee, 0x5c, 0x47, 0xeb, 0x4b, 0xee, 0xd5, 0xff, 0x46, 0xad, 0xcf,
    0xa1, 0xf5, 0x39, 0xa1, 0x7a, 0x7e, 0x7b, 0xb1, 0xc6, 0x99, 0x47, 0xeb, 0x52, 0x86, 0xea, 0x9e,
    0x07, 0xb8, 0x57, 0xe9, 0x5e, 0xe3, 0x82, 0xa1, 0xba, 0x45, 0x30, 0xd6, 0x8c, 0x54, 0xac, 0x9b,
    0x76, 0x0f, 0xe7, 0xd3, 0x68, 0x09, 0x53, 0x02, 0x26, 0x3f, 0x57, 0x9d, 0x05, 0x8f, 0x95, 0x8b,
    0x17, 0x70, 0xd5, 0xcb, 0x31, 0x11, 0x0c, 0x5f, 0xd0, 0x99, 0x0d, 0xbf, 0x29, 0x95, 0xdb, 0x03,
    0x0b, 0xe4, 0x75, 0x01, 0x01, 0xe2, 0x0d, 0x53, 0x0f, 0xb7, 0xdb, 0xed, 0xd5, 0x84, 0x83, 0x45,
    0x16, 0x1b, 0xc3, 0x3a, 0xef, 0xff, 0x67, 0xcd, 0x6c, 0x83, 0x8a, 0x2d, 0xb5, 0x01, 0x5b, 0x38,
    0x73, 0x83, 0x77, 0xd8, 0xd6, 0x03, 0xea, 0x84, 0xae, 0x36, 0x57, 0x2b, 0x9b, 0x21, 0xa6, 0xbf,
    0xe5, 0x8d, 0xc8, 0x9f, 0x0f, 0x36, 0xec, 0x5d, 0xdc, 0x81, 0x94, 0xc6, 0xbd, 0xfe, 0x04, 0xb8,
    0xe8, 0x66, 0x6e, 0x77, 0xbd, 0xa1, 0xbe, 0x72, 0x80, 0x15, 0xf4, 0xca, 0x8f, 0x5f, 0x61, 0x87,
    0xb7, 0x89, 0xb7, 0xc3, 0x0f, 0x5e, 0x48, 0x86, 0x5c, 0x36, 0x03, 0x12, 0x57, 0x2e, 0xf5, 0xf8,
    0x47, 0x2c, 0x7c, 0x65, 0x2a, 0x32, 0x8d, 0x74, 0x35, 0x01, 0xe1, 0x96, 0x5d, 0xf9, 0x39, 0x7d,
    0xd6, 0x3a, 0x67, 0xe1, 0x5e, 0x2f, 0xaf, 0x36, 0x80, 0xa1, 0xfc, 0xe1, 0x44, 0xfa, 0x04, 0x5a,
    0xbb, 0x34, 0xb4, 0xf3, 0xbb, 0xb0, 0x6e, 0x12, 0xc0, 0x1c, 0xbc, 0x96, 0x88, 0x79, 0x72, 0xec,
    0x74, 0x0d, 0x4d, 0xcd, 0x32, 0x9d, 0x36, 0x40, 0xad, 0x2c, 0x51, 0xb1, 0x28, 0x3f, 0xae, 0x67,
    0x18, 0xa5, 0xf0, 0x27, 0xd4, 0xd6, 0x1e, 0x29, 0x09, 0x63, 0x9c, 0x71, 0xc0, 0x4f, 0x65, 0xba,
    0x8a, 0x56, 0xf9, 0x65, 0xdb, 0xd0, 0x75, 0x8d, 0xae, 0x84, 0x60, 0xf8, 0xcb, 0x55, 0x7b, 0x68,
    0xa6, 0x15, 0xbd, 0x97, 0x1d, 0x6b, 0x89, 0xe5, 0xaa, 0x3f, 0xa6, 0x25, 0xbd, 0x54, 0x1e, 0xc5,
    0xed, 0x29, 0xd7, 0xe0, 0x7e, 0x0e, 0x11, 0xfc, 0x20, 0x67, 0x83, 0xec, 0x29, 0x48, 0xee, 0x26,
    0x65, 0x47, 0x15, 0x33, 0x56, 0x92, 0xdd, 0x96, 0x45, 0x84, 0x73, 0x76, 0xa5, 0xe4, 0xaa, 0x9a,
    0xeb, 0x78, 0xc8, 0x79, 0x71, 0xbb, 0x81, 0x85, 0x50, 0x49, 0x98, 0x22, 0xa5, 0xcc, 0x35, 0x36,
    0x91, 0xe3, 0xd2, 0x53, 0xf3, 0x8c, 0xdd, 0x63, 0x3c, 0xa4, 0x95, 0xab, 0xfe, 0x02, 0x9d, 0xa3,
    0xa5, 0x23, 0xb8, 0xc3, 0x23, 0x6e, 0x8f, 0x63, 0xa4, 0x94, 0x28, 0x70, 0xef, 0xc2, 0x24, 0x6e,
    0x4f, 0x8a, 0xc6, 0xaa, 0x74, 0xc4, 0x04, 0xc3, 0x8e, 0x38, 0xa8, 0x97, 0x6c, 0x09, 0x24, 0xfb,
    0xa4, 0xf4, 0xd4, 0x22, 0x62, 0x69, 0x92, 0xf7, 0x06, 0xd4, 0xbb, 0x45, 0xcb, 0xfd, 0x9e, 0xc1,
    0x31, 0xa4, 0xcf, 0x13, 0x98, 0x99, 0x63, 0xcf, 0xcc, 0x52, 0xfa, 0xff, 0x27, 0x34, 0x6c, 0xf6,
    0x95, 0xbe, 0xeb, 0xc4, 0xdc, 0x02, 0x7a, 0x72, 0x85, 0x3d, 0x8f, 0x27, 0xda, 0x7b, 0x6e, 0xb3,
    0x83, 0x92, 0xe5, 0xe4, 0x83, 0x96, 0x16, 0xc9, 0xdc, 0x14, 0xe3, 0x37, 0xf6, 0x8e, 0x69, 0xe2,
    0x5c, 0xff, 0x8d, 0x9e, 0x68, 0xbb, 0x46, 0x7a, 0x4a, 0x23, 0xe5, 0xb6, 0x73, 0x7b, 0x2e, 0x42,
    0x42, 0xde, 0xf7, 0x05, 0xe6, 0x61, 0xda, 0x70, 0xf3, 0xb1, 0x49, 0xd9, 0x57, 0x72, 0xb2, 0xac,
    0x81, 0xf2, 0x38, 0x9b, 0xf2, 0xc7, 0x6b, 0xc1, 0xe3, 0x46, 0x7e, 0x1a, 0x04, 0x4c, 0x5c, 0xf5,
    0x3b, 0x48, 0x6e, 0x63, 0x40, 0x3c, 0x0f, 0x9e, 0x70, 0x0c, 0x08, 0x9b, 0x8c, 0x3b, 0x9d, 0x07,
    0x61, 0x1e, 0x2c, 0x4d, 0x0c, 0x3b, 0xc8, 0x53, 0x73, 0x71, 0xe7, 0xa8, 0x7c, 0x9e, 0x04, 0x31,
    0xa2, 0x39, 0x9a, 0x1c, 0x27, 0x9e, 0xf8, 0xdb, 0x52, 0x45, 0xec, 0xb4, 0x0a, 0x85, 0xb4, 0x48,
    0xb9, 0xfe, 0xbe, 0xaf, 0xb8, 0x3d, 0x3d, 0xec, 0x79, 0x29, 0xfb, 0x5c, 0x7c, 0xbd, 0x64, 0x6e,
    0x8b, 0xf1, 0xc7, 0x9f, 0x55, 0x4d, 0x95, 0xd7, 0x74, 0x91, 0xf4, 0x43, 0x12, 0x06, 0x69, 0x5e,
    0x45, 0x17, 0xe4, 0x7b, 0xa0, 0xd0, 0x6c, 0x3f, 0x98, 0xc4, 0xf0, 0xcc, 0x38, 0x5b, 0x96, 0x55,
    0x59, 0x14, 0x87, 0x69, 0x9b, 0x02, 0xd2, 0xce, 0x5e, 0x03, 0x22, 0x27, 0xdc, 0x94, 0x04, 0xff,
    0x92, 0x8a, 0x68, 0xd2, 0x32, 0xcd, 0x1c, 0x0b, 0x6b, 0xc3, 0xed, 0xda, 0x00, 0xda, 0xba, 0x97,
    0x45, 0xdb, 0x2f, 0x1e, 0x4b, 0x50, 0xcf, 0x60, 0x7e, 0x9f, 0x48, 0x17, 0x7d, 0xc5, 0xb7, 0xf7,
    0x96, 0xf8, 0x69, 0xb9, 0xe2, 0xed, 0xe2, 0xa7, 0xf1, 0xca, 0x42, 0xff, 0x6c, 0xd5, 0x06, 0x36,
    0xff, 0x89, 0x05, 0x8f, 0x23, 0x69, 0x64, 0xdc, 0x7b, 0x86, 0x2c, 0xeb, 0xf6, 0xcc, 0x62, 0xa6,
    0xf8, 0x69, 0xc8, 0x00, 0xd0, 0x50, 0x7e, 0x49, 0x15, 0x0c, 0xef, 0x74, 0x5e, 0x48, 0x42, 0x85,
    0xfb, 0xfd, 0xed, 0x90, 0x12, 0xea, 0x8d, 0xee, 0xde, 0x06, 0x96, 0x26, 0xa9, 0xa4, 0x9b, 0x7f,
    0xd0, 0x77, 0xa4, 0xaa, 0xe2, 0x5d, 0x08, 0x71, 0x18, 0x61, 0x86, 0x64, 0xbe, 0x82, 0xb7, 0x6c,
    0x92, 0xc1, 0xe3, 0xb5, 0x91, 0x64, 0xad, 0x64, 0x6e, 0x91, 0x2c, 0xe7, 0xf0, 0xf4, 0x2b, 0x2c,
    0x44, 0xde, 0xd3, 0x23, 0xee, 0x68, 0xa4, 0x82, 0x71, 0x92, 0x2b, 0x20, 0x1b, 0x1c, 0x8d, 0xdb,
    0x33, 0xb6, 0x62, 0xd6, 0xe6, 0xc4, 0x93, 0xfa, 0x1c, 0xbb, 0x52, 0xa0, 0x8e, 0xce, 0xed, 0x1f,
    0xfd, 0xd1, 0xcb, 0x9c, 0x8b, 0x87, 0x4a, 0xda, 0x7a, 0x4a, 0x6d, 0x4d, 0x0b, 0xb5, 0x9a, 0x6f,
    0x62, 0x73, 0x36, 0x3b, 0xd4, 0xfd, 0xaa, 0x0a, 0x30, 0x67, 0x24, 0xc0, 0xa2, 0x50, 0xff, 0xbf,
    0xab, 0xcd, 0xa3, 0x46, 0x36, 0x4f, 0xa6, 0xfd, 0xe9, 0x69, 0x1d, 0xf1, 0xcb, 0xc2, 0x1f, 0x6d,
    0x99, 0xb6, 0x62, 0x8d, 0xdd, 0xaa, 0x5c, 0xa3, 0xe6, 0x30, 0xba, 0x0e, 0x1b, 0xac, 0xce, 0x53,
    0x49, 0x18, 0xa6, 0xf7, 0xdf, 0x3f, 0xb4, 0xcd, 0x73, 0x15, 0x77, 0x9c, 0x30, 0x0b, 0xb2, 0x59,
    0x6d, 0xc5, 0xe1, 0x74, 0xff, 0xe4, 0x93, 0x60, 0x0f, 0x0d, 0xed, 0x31, 0x3b, 0x15, 0x7b, 0x78,
    0xef, 0xf5, 0xf8, 0x03, 0xdd, 0x86, 0xaa, 0x0b, 0x0f, 0xf6, 0x79, 0x94, 0xf6, 0xd9, 0x16, 0xec,
    0x13, 0x4e, 0xfb, 0x4c, 0xa5, 0x7d, 0xde, 0x08, 0xf5, 0xe1, 0x77, 0xd8, 0xd4, 0x06, 0x5b, 0x71,
    0x16, 0x85, 0x7e, 0xea, 0x9f, 0x40, 0x17, 0x0c, 0x41, 0xaf, 0x02, 0xec, 0x11, 0x23, 0x28, 0x9a,
    0x16, 0x84, 0x8f, 0xa0, 0xf0, 0x78, 0x20, 0x61, 0x57, 0x16, 0x0d, 0xc1, 0xcf, 0xb0, 0x15, 0x87,
    0xd9, 0x9c, 0x8b, 0x81, 0xdc, 0x1c, 0x04, 0xfe, 0xfb, 0x1d, 0x0a, 0xec, 0xa8, 0xaa, 0xb8, 0x69,
    0xfb, 0x06, 0xd2, 0x46, 0xbc, 0xf6, 0x95, 0x1a, 0x5a, 0x31, 0x75, 0x47, 0xc0, 0xd8, 0x9b, 0xa3,
    0x2c, 0x53, 0xbd, 0x03, 0x84, 0x2a, 0x53, 0x8d, 0x6e, 0x59, 0xb8, 0x65, 0x05, 0xdf, 0xea, 0xac,
    0x03, 0x26, 0xda, 0x73, 0x94, 0x8f, 0x55, 0x14, 0xd2, 0xa3, 0x98, 0x0b, 0x81, 0x8b, 0xbf, 0x97,
    0x0a, 0x45, 0xe1, 0x8e, 0xa2, 0xab, 0x1d, 0xe3, 0xca, 0xa7, 0x71, 0x7b, 0xb6, 0x6c, 0x56, 0xd0,
    0x13, 0xff, 0x89, 0x95, 0x96, 0xba, 0xa8, 0x08, 0x0e, 0x7a, 0x06, 0xa9, 0x08, 0xda, 0x73, 0x54,
    0x40, 0xea, 0xb1, 0x7f, 0x74, 0x67, 0xb8, 0x20, 0x06, 0x1b, 0x94, 0x69, 0x7d, 0x21, 0x71, 0x9c,
    0x1c, 0x12, 0xc6, 0x3a, 0x7a, 0xc9, 0xa3, 0xba, 0x04, 0x8f, 0x46, 0x3e, 0xa9, 0x3a, 0xac, 0xd0,
    0xdb, 0x21, 0x60, 0x68, 0x5d, 0xb9, 0x98, 0xb7, 0xde, 0xc1, 0xa3, 0x10, 0x08, 0x63, 0xf4, 0x4b,
    0x5c, 0x09, 0x78, 0xa8, 0x2c, 0x5e, 0x82, 0x59, 0x7f, 0x56, 0x49, 0xaf, 0xf0, 0xa9, 0xb7, 0x61,
    0xb2, 0x72, 0x32, 0x95, 0xff, 0x31, 0x04, 0x6f, 0x3b, 0xcc, 0x45, 0x98, 0x3d, 0x7e, 0x02, 0x1a,
    0x07, 0xee, 0x97, 0xbd, 0x29, 0xc9, 0xf3, 0x68, 0xcd, 0x69, 0x72, 0xd5, 0x73, 0x7d, 0x34, 0xeb,
    0x9d, 0xd0, 0x0a, 0xd9, 0x77, 0x1d, 0x76, 0xb7, 0x66, 0xda, 0x83, 0xf7, 0x25, 0xc0, 0x33, 0xd8,
    0x95, 0xdf, 0x0f, 0x50, 0x72, 0x65, 0xf3, 0x21, 0x63, 0x33, 0xc9, 0xd0, 0x91, 0x0c, 0x2d, 0xc9,
    0xd0, 0x10, 0xad, 0x2c, 0xaf, 0xc4, 0x38, 0x46, 0x6f, 0xcd, 0x54, 0xf6, 0x19, 0x86, 0x04, 0x22,
    0x02, 0x68, 0x90, 0x46, 0xd1, 0xed, 0x0c, 0x48, 0x93, 0x49, 0x92, 0x06, 0xc3, 0xe5, 0x24, 0x6d,
    0x6d, 0x9a, 0xae, 0x26, 0x49, 0x97, 0x42, 0x7e, 0xa4, 0x97, 0xd2, 0xa2, 0x48, 0x52, 0x94, 0x24,
    0x53, 0x1f, 0xf7, 0x6b, 0x6a, 0xff, 0x02, 0xdc, 0xf2, 0x6b, 0xe4, 0x9a, 0x27, 0x30, 0xc6, 0x73,
    0x67, 0x26, 0x39, 0x05, 0x26, 0x05, 0x22, 0x59, 0x24, 0x70, 0xdf, 0xb3, 0x78, 0x62, 0x2e, 0x74,
    0x71, 0x7b, 0xfa, 0xd0, 0xc8, 0x80, 0x1a, 0x26, 0x90, 0xb2, 0x45, 0xe4, 0xbc, 0x7a, 0x73, 0x23,
    0xbe, 0x49, 0xbd, 0xbb, 0x31, 0xcd, 0xd2, 0x25, 0xba, 0x59, 0x08, 0xab, 0x61, 0x2a, 0xdc, 0x9e,
    0x36, 0xe8, 0x79, 0x89, 0x3d, 0x8e, 0xf7, 0x5b, 0xec, 0x10, 0x76, 0xea, 0x48, 0x1a, 0x10, 0x7e,
    0x05, 0x44, 0x7f, 0xef, 0xdf, 0x69, 0x24, 0x80, 0x9b, 0xca, 0x2f, 0x86, 0xd3, 0x9b, 0x03, 0x24,
    0xcd, 0x0a, 0x86, 0x92, 0xa4, 0xad, 0x94, 0xe8, 0xa5, 0x1a, 0xb2, 0x2a, 0x83, 0xa4, 0xa5, 0xee,
    0x65, 0x3b, 0xd7, 0x40, 0xf3, 0xd1, 0x41, 0x64, 0x2d, 0xce, 0xfe, 0xfe, 0xbb, 0x41, 0xd1, 0xe0,
    0xaa, 0x5f, 0xc2, 0x7e, 0x15, 0x7a, 0x31, 0xa0, 0xe1, 0x5e, 0x7d, 0x16, 0x32, 0x26, 0x39, 0xef,
    0x6e, 0x3a, 0xa9, 0x38, 0x47, 0xe3, 0xf3, 0x54, 0x62, 0x6e, 0x83, 0x84, 0x22, 0xb7, 0x85, 0xf4,
    0x7b, 0xda, 0x35, 0x11, 0xa8, 0xf4, 0x90, 0x8d, 0x14, 0xeb, 0x33, 0xad, 0x30, 0x3c, 0x04, 0x22,
    0x85, 0xb7, 0x43, 0x0a, 0x0a, 0x91, 0x3c, 0xc7, 0x8f, 0x11, 0xfb, 0x23, 0x38, 0xd7, 0x3f, 0x70,
    0x19, 0xcd, 0x27, 0xc1, 0xad, 0xc8, 0x39, 0x2c, 0x3d, 0xd3, 0x39, 0x18, 0x83, 0x97, 0x4b, 0x0f,
    0xe3, 0x81, 0x7e, 0xcf, 0xc7, 0xd2, 0x28, 0x42, 0x97, 0x01, 0x19, 0x49, 0x6f, 0x11, 0x20, 0x2f,
    0xe9, 0x45, 0x0e, 0x64, 0x27, 0xbd, 0xd7, 0x01, 0x43, 0xbe, 0xb5, 0x92, 0xb6, 0x44, 0x11, 0x97,
    0x15, 0xd9, 0x75, 0x58, 0xbd, 0x49, 0xd3, 0x11, 0xba, 0x49, 0xa3, 0x10, 0x7a, 0x73, 0xc9, 0x75,
    0x99, 0x1c, 0xde, 0x4a, 0x2f, 0x20, 0xac, 0x81, 0x6f, 0x3e, 0x97, 0x6e, 0x66, 0xf6, 0x73, 0x1f,
    0xf8, 0xc7, 0x90, 0x6e, 0xcf, 0x17, 0x63, 0xaa, 0x9a, 0x4f, 0xd1, 0x33, 0x06, 0x5c, 0xce, 0xa0,
    0x40, 0x86, 0x6e, 0xe9, 0xe0, 0x41, 0xb2, 0x9a, 0x68, 0x77, 0xa0, 0x96, 0x00, 0xf1, 0x11, 0x40,
    0xbc, 0xa0, 0x95, 0xf6, 0xa1, 0x3c, 0x1a, 0x03, 0xf7, 0xa6, 0x03, 0xe1, 0x2e, 0xf3, 0x94, 0xf0,
    0x3b, 0xb0, 0x8b, 0xbd, 0x23, 0x50, 0x1f, 0xf9, 0x57, 0xa8, 0xad, 0x2a, 0xea, 0xca, 0xc3, 0x88,
    0x99, 0xa9, 0x0b, 0xd0, 0x4b, 0x37, 0x78, 0x71, 0x92, 0xab, 0x3e, 0x85, 0x1e, 0x88, 0x82, 0x91,
    0x70, 0x89, 0x4e, 0x1e, 0xb3, 0x76, 0x3a, 0x79, 0x48, 0xe5, 0x6b, 0xe9, 0xe4, 0x6b, 0x52, 0xe8,
    0xdd, 0xa1, 0x14, 0xbd, 0xa4, 0x4e, 0x3d, 0x25, 0x2a, 0x7c, 0x1f, 0x4e, 0x7a, 0x12, 0xe5, 0x41,
    0x38, 0xa5, 0x4f, 0xbc, 0xc0, 0x90, 0xf2, 0x04, 0xb2, 0x7d, 0x91, 0xe4, 0xea, 0xc2, 0x6b, 0xac,
    0x29, 0x8b, 0x1b, 0x53, 0x96, 0xd2, 0xcc, 0xcd, 0xb5, 0x86, 0xf6, 0x89, 0xb6, 0x81, 0x60, 0x5b,
    0x95, 0x9f, 0x76, 0x05, 0xc5, 0x83, 0x9f, 0x81, 0xb7, 0x8f, 0xb2, 0xdb, 0xa8, 0xcd, 0x3f, 0x46,
    0x6d, 0xfe, 0x21, 0xc9, 0xe2, 0x1e, 0x66, 0xf3, 0x6b, 0x52, 0x12, 0x6d, 0xca, 0x5a, 0x0a, 0xaf,
    0x01, 0x6d, 0xbd, 0x2f, 0x78, 0x44, 0x48, 0x52, 0x36, 0x40, 0xfb, 0x44, 0x28, 0xa1, 0x5a, 0xfa,
    0xf4, 0xc1, 0x6a, 0x84, 0x77, 0x7a, 0x53, 0xd6, 0x30, 0x20, 0x4d, 0x52, 0x6e, 0x0b, 0xf5, 0xa4,
    0x27, 0x91, 0x5d, 0xd5, 0xff, 0x4d, 0x8f, 0xdf, 0x39, 0xae, 0xfa, 0x24, 0x3c, 0xa4, 0xa3, 0x54,
    0xd1, 0xc3, 0x4d, 0xaa, 0xd5, 0x9d, 0xe3, 0x51, 0x34, 0xee, 0x89, 0xd2, 0x65, 0xd2, 0x2d, 0x0b,
    0x57, 0x6c, 0xc5, 0x7a, 0x9b, 0xd5, 0x9e, 0xa9, 0x44, 0xf7, 0xa9, 0x7c, 0xdb, 0xa9, 0x01, 0xeb,
    0xf0, 0x26, 0xf5, 0xd5, 0x3a, 0x89, 0x05, 0xd7, 0x43, 0x46, 0x49, 0x49, 0x1a, 0x92, 0xa6, 0x91,
    0x92, 0xb4, 0x24, 0x4d, 0x5b, 0x9b, 0xa4, 0xab, 0x49, 0xd3, 0xa5, 0x93, 0x9d, 0x7a, 0x29, 0x29,
    0x0a, 0xcf, 0x24, 0x41, 0x2a, 0x9e, 0x59, 0x44, 0xd2, 0x12, 0x50, 0x2a, 0x9e, 0x59, 0x4a, 0xef,
    0x80, 0x45, 0xab, 0x6b, 0x01, 0x0a, 0xf2, 0x6f, 0xbe, 0x10, 0x07, 0x1e, 0x90, 0xd4, 0x3b, 0x43,
    0xa0, 0x1f, 0x2a, 0xc3, 0x41, 0x45, 0x54, 0x41, 0x94, 0xe9, 0x42, 0x50, 0x45, 0xf9, 0x13, 0x5b,
    0xf3, 0x4c, 0xa2, 0x5d, 0xb1, 0xd2, 0x5e, 0x10, 0x47, 0x01, 0x27, 0x26, 0x90, 0x34, 0x64, 0x81,
    0x4e, 0xaa, 0xf0, 0xfb, 0x32, 0x8d, 0x81, 0xd5, 0xbe, 0x95, 0x30, 0xf9, 0x34, 0xa7, 0x37, 0x6d,
    0x0d, 0xe3, 0x4b, 0xc2, 0x47, 0x80, 0x37, 0x0c, 0x83, 0x1f, 0xad, 0xc2, 0x87, 0x85, 0xa0, 0x58,
    0x59, 0x95, 0xe5, 0x30, 0x09, 0x98, 0x9d, 0xb6, 0x96, 0xac, 0x7a, 0x5a, 0x4a, 0x86, 0x79, 0x3c,
    0x2b, 0x25, 0x83, 0x1a, 0x17, 0x60, 0xb2, 0x1e, 0x15, 0x3a, 0x2d, 0x10, 0x97, 0xe1, 0xad, 0x0e,
    0x86, 0xcf, 0xa7, 0x66, 0x9c, 0x5a, 0x71, 0x69, 0x1c, 0xbd, 0xf7, 0xa1, 0xf9, 0xb4, 0x72, 0x2b,
    0xe4, 0x5c, 0xb1, 0xa0, 0x92, 0xc5, 0xfa, 0x1c, 0xab, 0x12, 0x13, 0x1b, 0xb4, 0x4d, 0x43, 0xed,
    0xfc, 0xc3, 0x95, 0x5b, 0xd7, 0xb0, 0x42, 0x8c, 0xe8, 0x5e, 0x4b, 0x21, 0xfa, 0xa6, 0x8d, 0x80,
    0xe0, 0xf5, 0x69, 0x4b, 0x1e, 0x41, 0xec, 0x65, 0x7f, 0x82, 0x9c, 0x6a, 0x94, 0xd1, 0xdd, 0x00,
    0x7d, 0xd0, 0xec, 0xd3, 0x6b, 0x27, 0x40, 0xf6, 0xb2, 0xef, 0x8d, 0x19, 0xf5, 0x69, 0xe5, 0x4b,
    0x4e, 0x56, 0x98, 0x96, 0x13, 0x28, 0xdb, 0xa0, 0xbc, 0xe7, 0x0f, 0xee, 0xa5, 0x06, 0xd1, 0x4d,
    0xa0, 0xfd, 0xd2, 0x4c, 0xde, 0xb2, 0x0b, 0x23, 0xf1, 0xa9, 0x57, 0x54, 0x20, 0x9d, 0x5d, 0x18,
    0x4c, 0x6d, 0xb2, 0xf5, 0x6a, 0x24, 0x2e, 0x2d, 0xa3, 0x58, 0x47, 0x9b, 0x4a, 0xb5, 0x42, 0xe4,
    0xe2, 0xb5, 0x3a, 0x21, 0xc2, 0x64, 0xd5, 0xf3, 0x5a, 0xb1, 0x51, 0xb3, 0x5c, 0xe8, 0x0c, 0xa6,
    0xc3, 0x88, 0x26, 0xd4, 0x7f, 0x06, 0xcd, 0xe6, 0xb3, 0xb5, 0x12, 0xbd, 0x06, 0x23, 0x8d, 0x32,
    0x21, 0xb0, 0x17, 0x80, 0x6f, 0xd1, 0xac, 0x1d, 0x40, 0x01, 0x00, 0x6c, 0x9d, 0x56, 0xc6, 0x0d,
    0xfd, 0xbb, 0x99, 0xd6, 0xe0, 0xe6, 0xaa, 0x6e, 0xf8, 0xdd, 0x52, 0x7a, 0x63, 0x5e, 0x16, 0xfc,
    0xea, 0x2d, 0x6f, 0x50, 0xeb, 0x86, 0x30, 0x6e, 0x7f, 0xca, 0x20, 0xda, 0xf4, 0x1b, 0xb8, 0x3b,
    0xd4, 0x3f, 0x87, 0x8f, 0xad, 0x0a, 0x0c, 0xe2, 0x59, 0x79, 0x64, 0xcd, 0x2b, 0x1b, 0x60, 0x20,
    0xb0, 0x7d, 0x7e, 0x2f, 0x7d, 0x62, 0x52, 0x7c, 0x67, 0x01, 0x18, 0x4c, 0xc1, 0x73, 0x2f, 0x2f,
    0x16, 0xfb, 0xb3, 0x76, 0xe6, 0x88, 0xfd, 0x36, 0xae, 0xfa, 0x49, 0x3c, 0x21, 0xe9, 0xcf, 0xe6,
    0xaa, 0xef, 0xa3, 0x0f, 0x6b, 0x39, 0x57, 0x15, 0x4a, 0x75, 0x9f, 0x5c, 0xa6, 0x85, 0xf0, 0x71,
    0x22, 0xb9, 0x1d, 0x28, 0xd5, 0x28, 0x73, 0x80, 0x96, 0xce, 0x31, 0xe8, 0x49, 0x33, 0x5e, 0x17,
    0x6f, 0x6b, 0xb7, 0x24, 0x07, 0xe2, 0xe4, 0x02, 0x74, 0x9d, 0x17, 0xa4, 0x89, 0x30, 0x63, 0xd2,
    0x0d, 0x41, 0x1f, 0x8b, 0x30, 0x1f, 0x52, 0x24, 0xb3, 0xf9, 0x95, 0x62, 0x7f, 0x2a, 0xe7, 0x7a,
    0xec, 0xfb, 0x98, 0x7e, 0x04, 0xe6, 0xb9, 0xf3, 0x28, 0x55, 0xaa, 0xf5, 0x5c, 0x75, 0x25, 0x05,
    0x2f, 0xe0, 0x5c, 0xe3, 0x10, 0x32, 0x88, 0xac, 0x05, 0x93, 0xd6, 0x6e, 0xab, 0x32, 0x1f, 0x41,
    0xd7, 0x60, 0x26, 0x10, 0x26, 0xd6, 0x6b, 0xf0, 0xee, 0x8e, 0x59, 0xb1, 0x2a, 0xc9, 0x7e, 0x35,
    0x47, 0xf4, 0x88, 0x1e, 0x9c, 0xf7, 0x6b, 0x76, 0xec, 0x79, 0x5c, 0x2e, 0x0d, 0x2c, 0xc7, 0xa3,
    0x1b, 0x8b, 0x02, 0x09, 0x7d, 0x60, 0x36, 0x86, 0xc5, 0x7e, 0xa1, 0xdd, 0xd5, 0xcb, 0x3f, 0x5c,
    0x87, 0x1b, 0xce, 0x55, 0x01, 0xfc, 0x96, 0x04, 0x85, 0x9f, 0x4e, 0x5a, 0x6b, 0xa7, 0xc8, 0xe9,
    0x6c, 0xcd, 0x7f, 0x20, 0x4f, 0xc4, 0x4e, 0xb6, 0x6c, 0x6c, 0x9a, 0xca, 0x31, 0xd2, 0x28, 0xfc,
    0x0d, 0xf7, 0x13, 0x1a, 0x81, 0xbf, 0x41, 0x8e, 0x41, 0xaa, 0xdb, 0x59, 0xfb, 0xfd, 0x39, 0x6c,
    0x08, 0x1e, 0x23, 0xdf, 0x24, 0x83, 0x9d, 0x2f, 0x20, 0x7d, 0x91, 0x72, 0xb2, 0x16, 0x93, 0x54,
    0x7c, 0x6d, 0x45, 0xca, 0xd2, 0xe0, 0xe6, 0xe1, 0x0a, 0xea, 0x35, 0x3a, 0x8e, 0xdc, 0x1b, 0x9d,
    0x8f, 0x5d, 0x51, 0xcb, 0xca, 0x5b, 0x58, 0x75, 0x5d, 0xc4, 0x1b, 0x30, 0x72, 0x52, 0x70, 0xe4,
    0x3e, 0x18, 0x19, 0xf2, 0x9b, 0x3e, 0x18, 0x19, 0xd4, 0x9f, 0x9a, 0x15, 0xb5, 0x85, 0x7b, 0xa5,
    0x13, 0x50, 0xaa, 0xd4, 0x3c, 0x99, 0xde, 0x79, 0x91, 0x09, 0x32, 0x03, 0x17, 0x1c, 0xdf, 0x18,
    0xa8, 0xd5, 0x56, 0xc3, 0xb0, 0x7f, 0x81, 0xa7, 0x44, 0x75, 0x10, 0xf5, 0xa6, 0x53, 0xcd, 0xbf,
    0xd1, 0xa5, 0xaf, 0xd5, 0x26, 0x56, 0x37, 0x0b, 0xd7, 0x3b, 0x31, 0xfb, 0x1d, 0xbe, 0x52, 0x7f,
    0xc0, 0xe3, 0xe6, 0x01, 0x98, 0x41, 0xe7, 0x27, 0x4c, 0x68, 0xa4, 0x2d, 0xba, 0xda, 0xb0, 0x7b,
    0x12, 0x03, 0x43, 0xf8, 0xca, 0x80, 0x99, 0xb5, 0x2c, 0x58, 0x9a, 0xb2, 0x24, 0xa4, 0x2b, 0xbb,
    0x2b, 0x38, 0x8d, 0xac, 0x20, 0x58, 0x2d, 0x9b, 0x54, 0xed, 0x16, 0x6e, 0xf8, 0xd2, 0xff, 0x38,
    0xf7, 0xe0, 0x00, 0x6e, 0x28, 0xaa, 0xcd, 0x2b, 0x55, 0xce, 0xa6, 0xd7, 0xfe, 0x34, 0x06, 0x04,
    0x24, 0x49, 0x50, 0x7c, 0x4f, 0x7e, 0x3a, 0xb7, 0x6e, 0x18, 0xc0, 0xc4, 0x10, 0x75, 0x35, 0x08,
    0x90, 0x08, 0x00, 0x11, 0x47, 0xe9, 0x29, 0xcb, 0x90, 0xa0, 0xfa, 0x62, 0xd4, 0x01, 0x7d, 0xdf,
    0x7c, 0xa7, 0x81, 0xd4, 0x83, 0xd5, 0xea, 0x1c, 0x0d, 0xb6, 0xb7, 0x72, 0x19, 0xcd, 0x80, 0x85,
    0x85, 0x6a, 0x5e, 0xca, 0x0a, 0x0b, 0xc5, 0x65, 0xaf, 0x3e, 0x81, 0xc6, 0x66, 0x96, 0xb1, 0xf7,
    0xbd, 0x1a, 0x78, 0xca, 0x71, 0x62, 0x97, 0xc0, 0xa2, 0xbd, 0xca, 0xe7, 0x13, 0xc3, 0x50, 0x8f,
    0xc0, 0x60, 0x20, 0x44, 0xd9, 0x17, 0xae, 0x80, 0xf0, 0x42, 0x67, 0x33, 0x43, 0x63, 0x9a, 0x6a,
    0xbc, 0xce, 0x69, 0xec, 0x95, 0x73, 0x0f, 0x15, 0xcf, 0x2d, 0x66, 0x6c, 0xca, 0x9a, 0xfb, 0xa8,
    0xce, 0x71, 0x47, 0x7e, 0x42, 0x17, 0xa9, 0x3f, 0x52, 0xf8, 0x41, 0xa3, 0xb9, 0x7d, 0xdc, 0x78,
    0x88, 0x6d, 0xc1, 0xae, 0x2b, 0x86, 0xe3, 0x34, 0xfc, 0xc3, 0x0b, 0x81, 0x36, 0x65, 0xae, 0x0a,
    0x5b, 0x17, 0x09, 0xad, 0xbe, 0x88, 0x71, 0xcc, 0x78, 0x5c, 0xf1, 0x76, 0x0a, 0xd7, 0xdf, 0x4c,
    0xe1, 0xf0, 0xd0, 0xf0, 0x3f, 0x8d, 0xbd, 0x21, 0x1a, 0x6d, 0x21, 0xaa, 0x57, 0x54, 0x2e, 0x7b,
    0x6e, 0x3e, 0xd6, 0x24, 0x71, 0xfb, 0x83, 0x03, 0x4d, 0xe3, 0xe3, 0x71, 0xb4, 0xf1, 0xc5, 0xe3,
    0x14, 0xdf, 0x46, 0x2a, 0x5e, 0x7b, 0x23, 0x7d, 0x53, 0xe8, 0x01, 0xf1, 0xaf, 0x7c, 0xa1, 0xb8,
    0x77, 0x62, 0x2d, 0x85, 0xe6, 0xf6, 0x43, 0xed, 0x5f, 0x54, 0x28, 0x1c, 0xe2, 0xd7, 0xa1, 0xbb,
    0xda, 0x21, 0x43, 0x11, 0x0b, 0x5e, 0xc6, 0xe8, 0xc6, 0x3b, 0xd4, 0xe0, 0x4c, 0xf0, 0x44, 0xf8,
    0x0a, 0x04, 0x3e, 0xa4, 0x65, 0x8c, 0x9f, 0xff, 0x11, 0xb9, 0x40, 0x2c, 0x90, 0x49, 0xa3, 0x8a,
    0xdd, 0x34, 0xd6, 0x1b, 0x1b, 0xe3, 0x1b, 0x63, 0xea, 0x3f, 0x9f, 0x88, 0x02, 0x92, 0xdd, 0x05,
    0xee, 0x3f, 0x32, 0x2b, 0x47, 0x99, 0x79, 0x3a, 0x98, 0xd8, 0xb2, 0x1e, 0x79, 0x11, 0x21, 0xb7,
    0xe3, 0xbb, 0x2b, 0x9b, 0x13, 0x6a, 0x56, 0x4e, 0x6f, 0x7b, 0xea, 0xe0, 0x18, 0xdc, 0xe9, 0xba,
    0x4d, 0xaf, 0xdb, 0x43, 0x44, 0x47, 0x1a, 0xcb, 0x9a, 0xc5, 0x0a, 0x2d, 0xb3, 0x75, 0x6a, 0x8a,
    0x2f, 0x56, 0x62, 0x97, 0x51, 0x39, 0x4a, 0x91, 0xad, 0x2c, 0x99, 0xe0, 0xad, 0x44, 0x42, 0x13,
    0x7c, 0x0b, 0xbd, 0xa9, 0xd3, 0xdb, 0x1e, 0x92, 0x2c, 0xfe, 0x5a, 0xf8, 0x85, 0x19, 0xcc, 0x96,
    0xb3, 0xdb, 0xe4, 0x1d, 0x93, 0x58, 0x69, 0x42, 0xd5, 0x80, 0x2a, 0x0d, 0x72, 0x19, 0x4b, 0x8c,
    0x35, 0xbb, 0x10, 0xbc, 0x76, 0x34, 0x9e, 0x7c, 0x77, 0x48, 0xac, 0xda, 0x1b, 0x4f, 0xf7, 0x46,
    0x4c, 0xcb, 0x40, 0x30, 0xc0, 0xc4, 0x89, 0x0d, 0x9b, 0x95, 0xf9, 0x9c, 0xd7, 0xac, 0x40, 0x02,
    0x35, 0xa6, 0x85, 0x7f, 0x1a, 0xa6, 0x26, 0x57, 0x74, 0x86, 0x66, 0x62, 0x57, 0xb2, 0x4f, 0xdd,
    0x9b, 0x89, 0x8e, 0x90, 0x9e, 0xf8, 0x13, 0x95, 0x27, 0x12, 0x6a, 0xf2, 0x06, 0x57, 0xab, 0x13,
    0xe9, 0xa6, 0x79, 0xf0, 0x34, 0xa1, 0x8b, 0x78, 0xcb, 0x8e, 0xd3, 0xeb, 0xb5, 0xcb, 0x28, 0x4d,
    0xf1, 0x74, 0x0a, 0x35, 0x6f, 0x53, 0x9a, 0x66, 0xa6, 0x57, 0x5f, 0x16, 0xfe, 0xe6, 0x9b, 0x1c,
    0x9a, 0xdf, 0xf8, 0xe1, 0xf3, 0x1b, 0x46, 0xaa, 0x61, 0xe4, 0x0a, 0x20, 0x9f, 0xbb, 0xbe, 0x47,
    0x2d, 0x25, 0xb5, 0x1f, 0x48, 0x5d, 0x2f, 0x9b, 0x3b, 0xc9, 0x79, 0x72, 0x47, 0xfc, 0x8a, 0xab,
    0x95, 0x76, 0xa7, 0xb1, 0x4c, 0x8d, 0xa5, 0xa7, 0x26, 0x63, 0x90, 0xb4, 0x72, 0x1f, 0x0c, 0xc4,
    0x7a, 0xfe, 0xae, 0xc9, 0xf8, 0x9c, 0x43, 0x0a, 0xef, 0xd0, 0x4b, 0xb8, 0x31, 0xa7, 0x01, 0xdb,
    0xcd, 0xb2, 0xd6, 0x03, 0x09, 0x9f, 0xd1, 0x88, 0xb7, 0xa2, 0xab, 0x36, 0xb7, 0x47, 0x7a, 0xac,
    0x6a, 0x90, 0x52, 0x9b, 0x23, 0xaf, 0x62, 0x09, 0x57, 0x73, 0x84, 0x52, 0xfb, 0x19, 0x6e, 0xc4,
    0x24, 0x0b, 0x5f, 0x4a, 0xf7, 0xf9, 0x52, 0xff, 0x98, 0x50, 0xf7, 0xad, 0x0a, 0x2e, 0x01, 0x29,
    0x21, 0xf0, 0x2c, 0x79, 0x27, 0x4b, 0x4c, 0x50, 0x59, 0xf3, 0xef, 0xb4, 0xc7, 0xeb, 0x3f, 0x4d,
    0x41, 0x2d, 0xbc, 0x26, 0x8d, 0xfe, 0x0e, 0xd7, 0xe9, 0x49, 0x9d, 0x97, 0x2e, 0x0c, 0x53, 0x7d,
    0x99, 0xbf, 0x26, 0xdd, 0x17, 0x5c, 0xb2, 0xff, 0x96, 0x57, 0xe0, 0x80, 0x3f, 0xa7, 0xdd, 0xa3,
    0x13, 0x7d, 0x5f, 0x52, 0x13, 0xeb, 0x73, 0x0f, 0x6d, 0xde, 0x6a, 0x5d, 0xbd, 0x42, 0x18, 0xf9,
    0xbb, 0x13, 0x31, 0x2b, 0x0f, 0xd0, 0x98, 0x5a, 0x73, 0x34, 0x31, 0x1c, 0xbc, 0x5e, 0x1a, 0xc6,
    0x62, 0xcf, 0x4b, 0x8f, 0x06, 0x77, 0x93, 0x0e, 0x7e, 0x94, 0x81, 0xb7, 0x2b, 0x4e, 0x4b, 0x13,
    0x4c, 0xf5, 0xe5, 0x4f, 0x80, 0x09, 0x84, 0x10, 0xea, 0x3c, 0xb9, 0x86, 0x76, 0xea, 0x4e, 0xe5,
    0xd2, 0x18, 0x46, 0x5e, 0xc7, 0x0a, 0x7d, 0x52, 0x54, 0x8c, 0xa9, 0xbe, 0xec, 0x6b, 0xf6, 0x36,
    0xa9, 0x8f, 0xbf, 0x99, 0x95, 0x69, 0x75, 0x7e, 0x08, 0xec, 0x52, 0x4e, 0xd3, 0xa8, 0x14, 0x7c,
    0xb1, 0x9f, 0x62, 0xf6, 0x8d, 0xb7, 0x3a, 0x7f, 0x85, 0xc3, 0x1d, 0xe8, 0x57, 0x1d, 0x7b, 0xaf,
    0xf0, 0x86, 0x73, 0x26, 0x02, 0xfe, 0x56, 0xad, 0x18, 0xb6, 0x3a, 0x95, 0xcb, 0xda, 0x2c, 0x2c,
    0xc3, 0xaa, 0xb1, 0x1d, 0xf8, 0xd3, 0xaa, 0x06, 0x6a, 0xa4, 0xbf, 0xc2, 0xb3, 0xc8, 0xf7, 0x3a,
    0xa0, 0x49, 0x7a, 0xa4, 0x1d, 0xbe, 0x49, 0x37, 0x7b, 0x91, 0xd4, 0x8b, 0x67, 0x98, 0xa3, 0xf4,
    0x3c, 0xef, 0x34, 0x95, 0xfa, 0x98, 0xd6, 0xb2, 0xe7, 0xf0, 0x62, 0x78, 0x66, 0x31, 0x4b, 0x4f,
    0x1e, 0x33, 0x21, 0xd4, 0x73, 0xee, 0x05, 0xb3, 0xe2, 0x74, 0xc3, 0x97, 0xf2, 0x0e, 0xbd, 0xcb,
    0x31, 0x4f, 0x45, 0x50, 0xed, 0x26, 0xd7, 0x84, 0x44, 0x8a, 0xb1, 0xca, 0x8b, 0xc0, 0x62, 0x0b,
    0x22, 0xbd, 0x4d, 0x91, 0x92, 0x3b, 0x23, 0xd1, 0x12, 0xda, 0xe5, 0x7d, 0x04, 0x2e, 0xff, 0x95,
    0x73, 0xbe, 0x7a, 0x50, 0x11, 0xd6, 0x85, 0x97, 0xc2, 0x72, 0x6c, 0x76, 0xe5, 0x10, 0xdd, 0x89,
    0xd3, 0xb1, 0xcb, 0x10, 0x4a, 0x9c, 0x8c, 0x60, 0x8c, 0x6d, 0xd8, 0xc0, 0x16, 0x26, 0xf8, 0xda,
    0x86, 0xba, 0x0f, 0xf3, 0x3a, 0x5e, 0x5b, 0x3c, 0x82, 0xbb, 0xc8, 0x66, 0x43, 0xad, 0x25, 0x8e,
    0xdb, 0x9f, 0x3d, 0x97, 0xdb, 0xdf, 0x0c, 0x76, 0x83, 0x9e, 0xa1, 0x8d, 0xb8, 0xa9, 0x00, 0x09,
    0xf8, 0x30, 0x3c, 0x57, 0xe8, 0x81, 0xdd, 0xbc, 0x7b, 0x82, 0xbc, 0x96, 0xbe, 0x4d, 0xa5, 0x95,
    0x30, 0xba, 0x35, 0xfb, 0xd1, 0xef, 0xd0, 0xa4, 0x2a, 0x09, 0x4c, 0xcb, 0x49, 0x19, 0x02, 0x58,
    0x73, 0x13, 0x58, 0x4f, 0xcd, 0x66, 0x71, 0x87, 0x47, 0xcf, 0x72, 0xae, 0x32, 0x0c, 0x11, 0x96,
    0x7a, 0x24, 0x4b, 0x13, 0xf1, 0xe3, 0x35, 0x0a, 0xa1, 0x85, 0x54, 0x1c, 0x13, 0x15, 0x96, 0xdb,
    0x75, 0x8e, 0x9a, 0x98, 0x3a, 0x62, 0xfe, 0xb3, 0x74, 0x9f, 0xb4, 0x45, 0x43, 0x40, 0xcd, 0xd3,
    0xb5, 0x6c, 0x0b, 0x5e, 0xdf, 0x4e, 0xd7, 0x91, 0x0b, 0x13, 0xfc, 0xa0, 0xc8, 0x52, 0x52, 0xbf,
    0x34, 0x81, 0xad, 0xc7, 0xcd, 0xe7, 0x1f, 0xdd, 0x95, 0x32, 0x35, 0x13, 0x2e, 0x91, 0x6c, 0xc5,
    0xd4, 0x4f, 0x2e, 0x4d, 0xcb, 0xee, 0xe0, 0xde, 0x34, 0x7f, 0x45, 0x20, 0xc8, 0x17, 0xda, 0x4c,
    0x7e, 0x92, 0xeb, 0x26, 0x97, 0xa4, 0xdc, 0x73, 0x31, 0x97, 0xb8, 0x37, 0xea, 0xef, 0xcf, 0xfe,
    0xaa, 0x72, 0x80, 0x25, 0x15, 0x57, 0x84, 0x99, 0x26, 0x90, 0xf4, 0x0a, 0x65, 0x5a, 0x45, 0x87,
    0x54, 0x71, 0xa5, 0x6c, 0x82, 0x49, 0xc0, 0x52, 0xcc, 0x35, 0x28, 0x70, 0xbb, 0x58, 0x70, 0xd9,
    0xd8, 0x0c, 0x26, 0xb1, 0x11, 0x00, 0xb8, 0x37, 0xbd, 0xd5, 0x67, 0x38, 0x73, 0xae, 0x9b, 0x33,
    0x0b, 0x87, 0x00, 0x90, 0x34, 0xc6, 0x5c, 0x03, 0x5c, 0xd5, 0xe7, 0x21, 0xfc, 0xcf, 0xbe, 0x82,
    0x04, 0xa0, 0xd2, 0x2a, 0x52, 0xc5, 0x31, 0xec, 0x91, 0xae, 0x01, 0x67, 0x44, 0xee, 0x8b, 0x3f,
    0x1f, 0xd3, 0x40, 0xb6, 0x68, 0x49, 0x9e, 0xce, 0x78, 0x59, 0x12, 0x5a, 0x24, 0x98, 0x4a, 0x76,
    0x9d, 0xe8, 0x89, 0x5e, 0xc1, 0xb9, 0x62, 0x50, 0xcf, 0xd2, 0xb5, 0xd2, 0x6a, 0x1d, 0xa9, 0x1f,
    0x73, 0x9c, 0xb7, 0x56, 0x56, 0xe8, 0x19, 0xbe, 0x70, 0x19, 0x2e, 0x3a, 0x39, 0x2e, 0x5e, 0x62,
    0xca, 0x9e, 0x90, 0x1e, 0x83, 0x1c, 0xb9, 0xca, 0x4b, 0xc3, 0x90, 0x1c, 0x08, 0x66, 0x14, 0x90,
    0x81, 0xcf, 0x51, 0xe2, 0x66, 0x5d, 0x0d, 0x37, 0x77, 0x4d, 0xa2, 0xaf, 0x24, 0x3d, 0x16, 0xef,
    0x07, 0xbc, 0x24, 0x47, 0x03, 0xe2, 0xb0, 0x5a, 0x77, 0x90, 0xb6, 0x36, 0x91, 0x74, 0xad, 0x6f,
    0x1a, 0xf0, 0x52, 0xd6, 0x64, 0x49, 0x96, 0x93, 0xf2, 0x22, 0xcf, 0x41, 0x8c, 0xfd, 0x7a, 0x3e,
    0x04, 0xc8, 0x15, 0x24, 0xdb, 0xbf, 0x0a, 0x16, 0x27, 0x6d, 0x89, 0xe0, 0xe7, 0x76, 0x6d, 0xc6,
    0x44, 0xaa, 0xc2, 0x0f, 0x21, 0xc0, 0x11, 0x9a, 0xd1, 0xd4, 0x8e, 0xfb, 0x33, 0xac, 0x68, 0x8d,
    0xa5, 0x4b, 0xd6, 0x25, 0x82, 0x21, 0x12, 0x77, 0x1c, 0xd7, 0xb3, 0xc2, 0x73, 0xf2, 0xd2, 0xe3,
    0xbd, 0xe6, 0x2e, 0x56, 0x58, 0x29, 0x71, 0x52, 0x9e, 0x86, 0xea, 0xb8, 0xe9, 0x38, 0xbd, 0xd8,
    0x1c, 0x73, 0xa9, 0xec, 0x31, 0x29, 0x47, 0x2b, 0x6d, 0xd1, 0x01, 0x75, 0xec, 0xf1, 0x09, 0x3d,
    0x55, 0x03, 0x2c, 0x0a, 0xed, 0x65, 0xa6, 0xcc, 0x58, 0xd5, 0x8c, 0xc4, 0x84, 0x5b, 0x14, 0xdc,
    0x85, 0x5c, 0xad, 0x25, 0x5b, 0x74, 0x8d, 0xe9, 0xf4, 0x20, 0xbe, 0x71, 0x34, 0xce, 0x51, 0x5a,
    0xad, 0x1d, 0xbb, 0x5a, 0xc7, 0x47, 0xe2, 0xa5, 0xa3, 0xfb, 0xf1, 0x6b, 0x26, 0x7c, 0x2d, 0x37,
    0x35, 0x95, 0x47, 0x91, 0x13, 0xb2, 0x6e, 0x39, 0x5e, 0x71, 0x5c, 0x74, 0x3c, 0x48, 0x37, 0xb9,
    0x98, 0x61, 0xbc, 0x9c, 0x08, 0x96, 0xda, 0xd4, 0xc4, 0xed, 0xca, 0xa7, 0xd9, 0xaf, 0x1f, 0x0f,
    0x62, 0x84, 0xc9, 0x46, 0x77, 0x22, 0x88, 0x58, 0x27, 0x88, 0x3e, 0x33, 0x94, 0x96, 0x65, 0x10,
    0xcb, 0x39, 0x90, 0x11, 0x59, 0xb3, 0x4e, 0xd6, 0x78, 0x08, 0xee, 0xf3, 0xf9, 0x4d, 0x67, 0x49,
    0x6e, 0x07, 0xb9, 0x58, 0xbe, 0x14, 0x77, 0x04, 0x12, 0xa4, 0xad, 0x1a, 0x90, 0x04, 0x8c, 0xf7,
    0x9a, 0xf0, 0x46, 0x20, 0x18, 0xba, 0xb1, 0xc4, 0xa2, 0x48, 0x36, 0x8d, 0xa9, 0x9b, 0xb4, 0xc6,
    0xdc, 0xc6, 0x77, 0xbb, 0x92, 0x07, 0xf0, 0xea, 0x4a, 0xb2, 0xa0, 0x70, 0xc9, 0x4d, 0x89, 0x62,
    0x43, 0xb4, 0xa9, 0x5e, 0xb8, 0x20, 0x6b, 0x28, 0x55, 0xb1, 0xf5, 0x94, 0x2a, 0xd9, 0xfc, 0x4b,
    0xd2, 0x48, 0xae, 0xf6, 0x7c, 0x48, 0x4b, 0xb8, 0xf9, 0x72, 0x65, 0x58, 0x89, 0x78, 0x81, 0xea,
    0x56, 0x29, 0xb7, 0x23, 0x45, 0x34, 0x9f, 0x8b, 0x96, 0xcc, 0x6d, 0xa6, 0x06, 0xce, 0x55, 0x8c,
    0x3b, 0x23, 0x99, 0x09, 0xc0, 0x2a, 0x54, 0x0c, 0x24, 0x50, 0x5a, 0xe3, 0xd1, 0x57, 0x0d, 0x20,
    0x3b, 0x20, 0xf7, 0x1e, 0x60, 0x85, 0x17, 0x65, 0x9d, 0xc7, 0x94, 0x39, 0x57, 0xc8, 0x97, 0x32,
    0xb5, 0xd2, 0x8b, 0x3a, 0xc9, 0x04, 0x62, 0xc5, 0x5e, 0x40, 0xb1, 0xbe, 0xb9, 0x70, 0x5b, 0xf4,
    0xc2, 0xcc, 0xd8, 0x31, 0x03, 0x82, 0x19, 0x04, 0x2b, 0x3c, 0xd3, 0x30, 0xe9, 0xc5, 0x38, 0x92,
    0xa9, 0x25, 0x2f, 0xea, 0xe4, 0xa7, 0xc2, 0x70, 0x86, 0xad, 0xe5, 0xb3, 0x49, 0x6b, 0xfc, 0x45,
    0x7a, 0xe9, 0x46, 0x91, 0x35, 0xf5, 0xf2, 0x56, 0x85, 0xa8, 0xfc, 0x53, 0x69, 0x11, 0xdd, 0xd1,
    0xcb, 0x85, 0x1b, 0x4f, 0xa1, 0x5e, 0x9a, 0xdb, 0x7c, 0x63, 0xf1, 0x45, 0x04, 0x8b, 0xd6, 0x17,
    0x0e, 0xbf, 0x29, 0xc0, 0xc1, 0x0c, 0xa0, 0x6f, 0x97, 0x93, 0x72, 0x16, 0x8f, 0xac, 0x88, 0x56,
    0x3c, 0xb6, 0x56, 0x35, 0x0b, 0xdf, 0xa8, 0x57, 0xb3, 0x3f, 0xfe, 0x9a, 0x6e, 0xcf, 0xe2, 0x95,
    0x11, 0x30, 0x63, 0xf7, 0x94, 0x5f, 0x4b, 0x77, 0x51, 0x74, 0xef, 0x61, 0x0d, 0x19, 0xe5, 0x8d,
    0xa0, 0x66, 0xb2, 0x0e, 0x9b, 0x86, 0xdd, 0x4e, 0xd2, 0x89, 0xcb, 0x16, 0x95, 0xe2, 0xb6, 0x7f,
    0xf5, 0x1b, 0x74, 0xfb, 0xa4, 0x6e, 0x31, 0x94, 0xa4, 0xe9, 0xb4, 0x8f, 0x45, 0xa9, 0xba, 0x83,
    0x37, 0x99, 0xb9, 0x6a, 0xdc, 0xa8, 0x90, 0x75, 0xff, 0x43, 0xdf, 0xdc, 0xdf, 0xbd, 0x1c, 0x51,
    0xa8, 0xe4, 0x5f, 0xc0, 0x09, 0x48, 0x2f, 0x69, 0xa4, 0x48, 0xa9, 0x4c, 0x8b, 0x2f, 0x74, 0xf8,
    0xa5, 0x32, 0xdd, 0x84, 0x41, 0xf1, 0x25, 0xb4, 0x1e, 0x78, 0x2c, 0xf4, 0xd9, 0x78, 0xc0, 0xed,
    0x90, 0x26, 0x72, 0x47, 0xcf, 0x70, 0x07, 0x2e, 0x79, 0xbe, 0xd2, 0x00, 0x4b, 0xdf, 0x0d, 0x04,
    0x3e, 0xc3, 0x77, 0x99, 0x39, 0xcb, 0x25, 0xd3, 0x45, 0xf1, 0x1a, 0x53, 0x96, 0xa7, 0x8e, 0x27,
    0x47, 0xd1, 0x01, 0xa4, 0x57, 0xb3, 0x70, 0x80, 0xa3, 0x18, 0x5e, 0x9a, 0x4e, 0x53, 0x8f, 0x39,
    0xed, 0x50, 0xd6, 0x31, 0x8c, 0xf5, 0x1e, 0xad, 0xaa, 0xf0, 0xb3, 0xb0, 0x24, 0xa4, 0x0f, 0xba,
    0x81, 0x35, 0xe0, 0x76, 0x9d, 0xa0, 0x14, 0xd1, 0x0e, 0x20, 0xd4, 0x20, 0xd5, 0xec, 0x0a, 0xad,
    0x98, 0xa5, 0x0b, 0x34, 0x26, 0xab, 0xf2, 0x1c, 0x86, 0x56, 0xf9, 0xa0, 0x4a, 0xc4, 0x18, 0xee,
    0x68, 0x2b, 0x77, 0xe0, 0xb8, 0xe7, 0x8b, 0x91, 0x44, 0xa0, 0xba, 0xe8, 0x01, 0x9b, 0xdf, 0x34,
    0xa0, 0x2a, 0xce, 0xcd, 0x32, 0x67, 0x30, 0x28, 0x8a, 0xe9, 0x2e, 0xcf, 0xbd, 0xd7, 0xb9, 0x99,
    0x3b, 0xd0, 0xea, 0xf9, 0x52, 0x53, 0x75, 0x1b, 0x3b, 0x1f, 0x54, 0x3b, 0xb7, 0x06, 0x49, 0x57,
    0x79, 0x83, 0xf2, 0x7a, 0x68, 0x79, 0x13, 0x54, 0x3c, 0x58, 0xe1, 0x47, 0x2f, 0xfd, 0xea, 0xf2,
    0x93, 0x50, 0x88, 0xe9, 0x06, 0x41, 0x01, 0x93, 0x73, 0x28, 0x0b, 0x9b, 0xf0, 0xc5, 0xd5, 0x57,
    0xb3, 0xb0, 0xde, 0x37, 0x4a, 0xed, 0x9d, 0x42, 0xe8, 0x0f, 0x4c, 0x28, 0x1d, 0x44, 0x61, 0x09,
    0x5d, 0x10, 0x72, 0x9b, 0xdb, 0xb5, 0x1d, 0xf7, 0x7a, 0x7a, 0x8f, 0x62, 0xdb, 0xe7, 0x38, 0x43,
    0x7b, 0x8e, 0x4d, 0x59, 0x48, 0x37, 0x06, 0x55, 0x6b, 0x52, 0x97, 0xf3, 0x33, 0x0d, 0x33, 0xab,
    0x89, 0x6d, 0x3a, 0x88, 0x62, 0x6a, 0xb7, 0x17, 0xb3, 0xf6, 0x4c, 0xbb, 0xd5, 0x9e, 0x09, 0x60,
    0x5f, 0xd1, 0xcb, 0x05, 0xf3, 0xb0, 0x07, 0xab, 0xf6, 0x50, 0xd7, 0x9f, 0x09, 0x5d, 0x2d, 0x71,
    0x76, 0xa8, 0x7b, 0xfb, 0x9b, 0xfe, 0x46, 0x85, 0x07, 0x8f, 0xcc, 0xc7, 0xd1, 0x71, 0xb5, 0x54,
    0x02, 0xa8, 0x80, 0x04, 0x3d, 0x2b, 0x6f, 0x04, 0xc9, 0x8b, 0x40, 0xd3, 0x32, 0x07, 0x47, 0xc5,
    0x77, 0x75, 0xce, 0x64, 0x66, 0x65, 0x65, 0x65, 0x66, 0x59, 0xb3, 0x46, 0xba, 0x9b, 0x8d, 0x61,
    0x41, 0x77, 0x43, 0x3d, 0x16, 0x60, 0xd7, 0xff, 0x2d, 0x74, 0x72, 0x20, 0xe5, 0xea, 0xd5, 0xbb,
    0x44, 0xae, 0xcb, 0xfc, 0xa2, 0x3a, 0xa4, 0xb7, 0x98, 0xb1, 0x5a, 0x6d, 0xca, 0x46, 0x26, 0x78,
    0xcd, 0xc7, 0x15, 0xe0, 0xe7, 0x49, 0x15, 0x3a, 0xd3, 0x1d, 0x2e, 0xe5, 0x9a, 0x0d, 0xd0, 0xda,
    0x95, 0x5d, 0x63, 0x71, 0x3b, 0x06, 0xaf, 0x1f, 0x1d, 0xd3, 0x41, 0x0e, 0xdf, 0x0b, 0x10, 0x91,
    0xd6, 0x1c, 0x65, 0x3d, 0xbd, 0x63, 0xa6, 0x0d, 0xfa, 0x46, 0xc0, 0x3e, 0x84, 0x0d, 0x37, 0x9f,
    0xa7, 0x0f, 0xbb, 0xc2, 0x54, 0xcc, 0x0c, 0xf9, 0xc4, 0xef, 0x5f, 0x6d, 0x8a, 0xc6, 0x03, 0x29,
    0x48, 0xcf, 0x53, 0xb5, 0xb8, 0xff, 0x85, 0x2f, 0x5e, 0x0f, 0x05, 0x12, 0x83, 0x28, 0x85, 0xe3,
    0xa8, 0x0a, 0x34, 0x65, 0x6c, 0x7d, 0x29, 0x1e, 0xad, 0xf5, 0x72, 0x79, 0xd1, 0x5f, 0xea, 0x70,
    0xf5, 0x9e, 0x60, 0x85, 0x67, 0xa5, 0x34, 0xbf, 0x64, 0xbf, 0x25, 0xed, 0xec, 0x07, 0x13, 0xc6,
    0x36, 0x4a, 0xcf, 0xdc, 0x9d, 0x70, 0xb6, 0xb2, 0x22, 0x8a, 0x11, 0x38, 0xd7, 0xe5, 0x9d, 0x63,
    0x8d, 0x01, 0xd7, 0x99, 0xcf, 0x71, 0x13, 0xf9, 0xe5, 0xc5, 0x24, 0x17, 0x5f, 0x7b, 0x04, 0x59,
    0x00, 0xab, 0x4b, 0x89, 0xb1, 0xe5, 0x10, 0x4b, 0x3b, 0x5e, 0xd7, 0x9e, 0xd6, 0x00, 0xfa, 0x6c,
    0x69, 0x07, 0x8a, 0x20, 0x62, 0x3f, 0x2b, 0x65, 0x77, 0x2c, 0xa9, 0xb8, 0x42, 0xda, 0xa6, 0x99,
    0xd1, 0xa5, 0x55, 0x44, 0x2d, 0x17, 0xbd, 0x8a, 0xab, 0xf9, 0xe5, 0x37, 0x9d, 0xbf, 0x4d, 0xa1,
    0x6c, 0x6c, 0xfe, 0x2a, 0x10, 0x88, 0x1f, 0x88, 0x69, 0xc3, 0xb7, 0x5d, 0x80, 0xfd, 0x56, 0x6b,
    0x26, 0xde, 0xe4, 0xb2, 0x67, 0xd9, 0x72, 0x86, 0x31, 0xdf, 0x4f, 0x67, 0x38, 0x0f, 0x09, 0xe1,
    0x27, 0x91, 0x65, 0x48, 0x2c, 0x99, 0x7e, 0x08, 0x35, 0x09, 0x1f, 0x7d, 0xe3, 0x03, 0x82, 0x1f,
    0x8f, 0x6d, 0x92, 0xd4, 0x1b, 0xa6, 0xc5, 0xcc, 0xb0, 0xae, 0x57, 0xd5, 0x6d, 0x70, 0xd2, 0x2f,
    0x1e, 0x8b, 0x1e, 0x16, 0x71, 0xb8, 0xee, 0x9d, 0xa0, 0x83, 0x78, 0x58, 0x74, 0xc6, 0x33, 0xc4,
    0xaa, 0x21, 0x78, 0x19, 0x60, 0xbb, 0x94, 0xad, 0x17, 0xeb, 0x43, 0xdb, 0x6d, 0xa1, 0x57, 0xda,
    0x1f, 0x67, 0x05, 0xab, 0x94, 0xec, 0x97, 0x5e, 0xba, 0x75, 0x84, 0x2a, 0x6f, 0xf0, 0x0c, 0x7d,
    0x50, 0xfa, 0x71, 0x7f, 0xd9, 0x02, 0x72, 0x95, 0xf5, 0x4e, 0x7a, 0xe9, 0x6e, 0xd5, 0x20, 0x2a,
    0x30, 0x6a, 0xfd, 0xfd, 0x10, 0xec, 0xc5, 0x7b, 0xc7, 0xa1, 0xd2, 0x42, 0x3c, 0x85, 0x5a, 0x2d,
    0xf8, 0xc3, 0x73, 0xbb, 0xd8, 0x06, 0x92, 0xdb, 0xe5, 0xd3, 0xb2, 0xf0, 0x15, 0xce, 0xe6, 0x42,
    0xea, 0x0a, 0xb6, 0xf1, 0x43, 0x3a, 0xbe, 0x9f, 0x64, 0x50, 0xcf, 0xad, 0x0f, 0xc6, 0x7f, 0xf5,
    0x9a, 0xa1, 0x37, 0x83, 0xa2, 0xa4, 0x5c, 0x48, 0x92, 0xa2, 0x6b, 0x37, 0x26, 0xd4, 0x5a, 0xe6,
    0x49, 0xd9, 0x10, 0x38, 0x8d, 0x69, 0xe3, 0x76, 0xbb, 0x0d, 0x9d, 0x5a, 0x8f, 0xf4, 0x38, 0xa9,
    0x68, 0xa7, 0x6f, 0x10, 0x70, 0x2e, 0x37, 0x90, 0x13, 0x2e, 0xe8, 0xf1, 0x05, 0xf8, 0xb6, 0x49,
    0xe6, 0x28, 0x62, 0xee, 0x02, 0x99, 0x72, 0x48, 0xd9, 0x78, 0x43, 0x4d, 0x2e, 0xd5, 0xbb, 0xce,
    0xf0, 0x1a, 0xd3, 0x14, 0x61, 0xb5, 0xb4, 0xca, 0x2f, 0x3d, 0x73, 0x0b, 0xdc, 0x92, 0x94, 0xd6,
    0xcf, 0x36, 0x49, 0xf6, 0xbb, 0x13, 0x20, 0x3c, 0xd1, 0x9b, 0x4e, 0x48, 0xb9, 0x51, 0xe4, 0xe2,
    0x34, 0x4b, 0x07, 0xf7, 0x86, 0xc7, 0x64, 0xd6, 0xc3, 0xb2, 0xe5, 0xc6, 0x72, 0x6f, 0xfe, 0x65,
    0x89, 0x59, 0x99, 0x96, 0xdd, 0xc5, 0xbd, 0xe1, 0xd6, 0x2a, 0xda, 0xa6, 0xca, 0x8a, 0x79, 0x8c,
    0xa0, 0xf9, 0x88, 0xe5, 0xa7, 0x7f, 0xc4, 0x02, 0x35, 0x80, 0x9a, 0x5f, 0x25, 0x7a, 0xa3, 0x57,
    0x0b, 0xef, 0xd7, 0x9a, 0xe7, 0x2e, 0x62, 0xb5, 0x0a, 0xbf, 0xa2, 0xfa, 0x7f, 0xf9, 0x45, 0x72,
    0x45, 0x3b, 0xee, 0x1c, 0x76, 0x93, 0x81, 0x80, 0x60, 0xb0, 0x0d, 0xc5, 0x6f, 0xca, 0xa3, 0xea,
    0x35, 0xd3, 0x62, 0x3c, 0x5e, 0x5a, 0xae, 0xbe, 0xe3, 0x2a, 0x8d, 0x06, 0xce, 0x13, 0xd6, 0x37,
    0x3a, 0xc8, 0x6c, 0xf0, 0x0a, 0x00, 0xa1, 0xae, 0xd2, 0xdc, 0x54, 0x2a, 0x1e, 0xbf, 0xff, 0x62,
    0xd8, 0x11, 0x2c, 0x66, 0x2a, 0xe0, 0x57, 0xf5, 0xa4, 0x35, 0x1c, 0xfc, 0x09, 0x50, 0x7c, 0x75,
    0x12, 0x44, 0x41, 0xa3, 0x69, 0xb4, 0x47, 0x2a, 0x9a, 0xb8, 0xea, 0x8f, 0xe8, 0xbb, 0x74, 0x5d,
    0xc4, 0xd2, 0x01, 0xae, 0x2e, 0xb7, 0x1d, 0x5d, 0x9d, 0xe5, 0x0a, 0x38, 0x37, 0x69, 0x82, 0xf4,
    0x23, 0x8d, 0xf4, 0xa2, 0x96, 0x08, 0x27, 0xf1, 0xd8, 0xb3, 0x4d, 0xda, 0xa6, 0x83, 0x68, 0x6f,
    0xc2, 0x35, 0xbc, 0x6e, 0x93, 0xdd, 0x62, 0xaa, 0x27, 0x17, 0x81, 0xb1, 0x31, 0xad, 0x30, 0x79,
    0x22, 0x9c, 0x33, 0x41, 0xc0, 0x97, 0xdd, 0x15, 0x33, 0x00, 0x51, 0x96, 0xf6, 0x38, 0x0f, 0xae,
    0xa7, 0x63, 0x89, 0x70, 0x0e, 0xdf, 0x2c, 0xbf, 0x0d, 0x91, 0x9d, 0x4f, 0xb2, 0xb4, 0x98, 0x3c,
    0x18, 0xe7, 0xe9, 0x20, 0x32, 0x03, 0x10, 0x70, 0xde, 0x57, 0x21, 0x2f, 0x03, 0x66, 0x69, 0xff,
    0x3b, 0x72, 0xa3, 0x4f, 0x58, 0x01, 0x02, 0x0f, 0x01, 0x4f, 0xfc, 0x79, 0xbc, 0xad, 0xda, 0x10,
    0x2e, 0x9c, 0x9c, 0x94, 0x7b, 0x4c, 0xb2, 0xb4, 0x91, 0x09, 0x24, 0x49, 0x43, 0x80, 0x82, 0x1f,
    0xe9, 0x3a, 0xcf, 0xd2, 0x97, 0xac, 0xfd, 0x2b, 0xa4, 0xdc, 0x76, 0xd3, 0xd9, 0xf2, 0x49, 0x34,
    0x5c, 0xba, 0x12, 0x0a, 0x97, 0xa4, 0x8a, 0xb6, 0x9e, 0x0f, 0x9f, 0xea, 0xdc, 0x47, 0x3d, 0xa8,
    0x64, 0x3e, 0x67, 0x32, 0x77, 0xa8, 0x63, 0xc3, 0xc2, 0x78, 0x6b, 0xfc, 0x48, 0xe7, 0x00, 0xf7,
    0x26, 0x50, 0xa6, 0x6d, 0xe1, 0x5f, 0x02, 0x13, 0x62, 0x39, 0x67, 0xb2, 0x0c, 0x41, 0x48, 0x15,
    0x2d, 0xa6, 0x3e, 0x95, 0xb8, 0x37, 0xea, 0x0d, 0xc7, 0xf1, 0x8c, 0xbd, 0x08, 0x0f, 0x04, 0xba,
    0xe3, 0x6f, 0x83, 0x85, 0x8a, 0xc1, 0x97, 0xf6, 0xc8, 0x0a, 0xf5, 0xf8, 0xd1, 0xbf, 0x0c, 0xdd,
    0x1f, 0x90, 0x50, 0x5e, 0x2c, 0x6b, 0x12, 0xa5, 0x15, 0x7a, 0x8c, 0x26, 0x57, 0xd6, 0xeb, 0x03,
    0xe0, 0xa1, 0x81, 0x83, 0x7c, 0xbd, 0x06, 0x23, 0x15, 0x5d, 0xbd, 0x54, 0x71, 0x2e, 0xfe, 0x34,
    0xd9, 0x51, 0x0f, 0x42, 0x7a, 0x32, 0xa6, 0x1b, 0x20, 0x74, 0xf8, 0x72, 0x66, 0x0c, 0xe9, 0xa6,
    0x47, 0xc6, 0x23, 0x70, 0x66, 0xfb, 0x01, 0x5d, 0x0a, 0xc1, 0xb8, 0x87, 0xdb, 0x55, 0x81, 0x2f,
    0x39, 0x5b, 0xfc, 0x55, 0xb7, 0x03, 0xf4, 0xcd, 0x11, 0x3d, 0x2c, 0xd7, 0xe6, 0xf1, 0x21, 0xcb,
    0x7c, 0xee, 0x1a, 0xda, 0x5a, 0x3c, 0x02, 0x3e, 0x8d, 0x41, 0x97, 0x70, 0x85, 0xa4, 0x9e, 0x42,
    0x1b, 0x0a, 0x3f, 0x1a, 0x5c, 0x13, 0xcd, 0x29, 0xf2, 0xf4, 0x29, 0x1d, 0x59, 0x73, 0x4a, 0x9b,
    0x2e, 0x99, 0x9b, 0xc8, 0xe2, 0xd0, 0xa9, 0x2d, 0x1a, 0xbe, 0x52, 0xa5, 0x83, 0x5a, 0x7d, 0x8d,
    0x37, 0x71, 0x1c, 0xab, 0xde, 0x3c, 0x12, 0xbb, 0xe6, 0xca, 0xc2, 0x39, 0xdc, 0xea, 0xb0, 0x2b,
    0xcb, 0x46, 0xa9, 0x2f, 0x3e, 0xa6, 0xc5, 0x59, 0xed, 0xd4, 0x71, 0x4c, 0x55, 0x26, 0x1f, 0xa4,
    0xd2, 0xe6, 0xa8, 0xda, 0x19, 0xb7, 0xca, 0x2e, 0x94, 0x71, 0x07, 0xf0, 0x6d, 0x20, 0x0d, 0x77,
    0x40, 0xb8, 0xc5, 0x7a, 0x8b, 0x47, 0x39, 0x07, 0xe8, 0xed, 0xc2, 0xa4, 0x51, 0xc1, 0x5d, 0x5b,
    0x61, 0x2d, 0x00, 0x8e, 0x62, 0xc2, 0x36, 0xe7, 0x48, 0x69, 0x73, 0xb9, 0x03, 0x7e, 0x8f, 0xa2,
    0x13, 0xdb, 0xfd, 0x00, 0xa9, 0x71, 0xa6, 0xd0, 0xc3, 0xc4, 0xfb, 0x86, 0x20, 0x97, 0xe2, 0xc5,
    0xd5, 0xfb, 0x3e, 0xa7, 0xd4, 0x54, 0x2e, 0x7b, 0x96, 0xee, 0x93, 0x8c, 0x73, 0x0e, 0xe2, 0x2b,
    0x8e, 0x97, 0x6e, 0xd0, 0x5a, 0xf1, 0xd8, 0x5c, 0x08, 0x48, 0x9c, 0xed, 0x50, 0xe5, 0x9b, 0xe4,
    0x3c, 0x01, 0x26, 0xcf, 0xa7, 0x73, 0x2e, 0x4e, 0xa2, 0x6f, 0x6a, 0x5d, 0x56, 0x33, 0xa7, 0xa6,
    0xab, 0x21, 0x09, 0xaf, 0xea, 0xda, 0x81, 0xbc, 0x12, 0x74, 0xae, 0x5e, 0xfe, 0x21, 0xbb, 0x12,
    0x7e, 0x25, 0x74, 0x24, 0x60, 0x90, 0x5d, 0x78, 0xfb, 0xd8, 0x6a, 0x57, 0x34, 0x57, 0x82, 0x9b,
    0xc1, 0x9c, 0x6b, 0x09, 0x9e, 0x1e, 0x1d, 0xc6, 0x7a, 0x9f, 0xd3, 0xe8, 0x96, 0xf7, 0xd1, 0xb7,
    0xbf, 0x47, 0xe1, 0xfb, 0x3b, 0x69, 0x1a, 0x47, 0x63, 0x5a, 0x58, 0x38, 0x43, 0x80, 0x76, 0x0d,
    0xe9, 0x16, 0xbf, 0xd0, 0x1d, 0xc5, 0x83, 0xbe, 0x59, 0xfd, 0x99, 0xd6, 0xe2, 0x17, 0x95, 0x17,
    0x3f, 0x53, 0x75, 0x6f, 0xf3, 0x28, 0x12, 0x9c, 0xdb, 0xac, 0x41, 0xd6, 0x5b, 0xb9, 0x2c, 0x01,
    0x43, 0x25, 0x61, 0xaa, 0x73, 0x2e, 0x1e, 0x53, 0x3a, 0xb5, 0x25, 0x98, 0x62, 0x69, 0xd4, 0xfb,
    0x75, 0x11, 0xd8, 0xc6, 0x4a, 0x3b, 0xa3, 0xe4, 0x7d, 0xa3, 0xf0, 0x8c, 0xee, 0x61, 0x64, 0xf4,
    0x39, 0x4d, 0x30, 0x8f, 0x83, 0x41, 0xc4, 0xeb, 0xe3, 0xb9, 0x03, 0x6e, 0xbb, 0xb5, 0x58, 0xa7,
    0x4c, 0x54, 0xd1, 0xe3, 0x5b, 0xfb, 0x9c, 0x6b, 0x27, 0x7d, 0x51, 0xd7, 0xa5, 0x53, 0x0f, 0x62,
    0x54, 0x1a, 0x9d, 0xaf, 0xe1, 0x0d, 0x17, 0x40, 0xf0, 0x66, 0x10, 0xc1, 0xce, 0x30, 0x99, 0xbe,
    0x67, 0x0c, 0x46, 0xc2, 0xaa, 0xbc, 0x7e, 0x31, 0xe8, 0x01, 0x29, 0x56, 0x4e, 0xc5, 0x3a, 0x47,
    0x39, 0x74, 0x70, 0x18, 0xd6, 0xb9, 0xe8, 0x8a, 0xcd, 0xfe, 0x96, 0xe2, 0x04, 0xe5, 0x62, 0x7f,
    0xf0, 0x1a, 0x8e, 0x64, 0xae, 0x37, 0xf6, 0x92, 0x72, 0x03, 0x49, 0x89, 0xdd, 0xcb, 0xd6, 0x84,
    0xd7, 0xa4, 0xc4, 0x91, 0xed, 0x73, 0x1d, 0x8d, 0x29, 0xf3, 0xcc, 0x60, 0x55, 0x00, 0xef, 0xfe,
    0x4b, 0x2a, 0x20, 0xbe, 0xac, 0xdf, 0x25, 0x6f, 0x0d, 0xcb, 0x51, 0x7e, 0x15, 0xec, 0x9a, 0xa2,
    0xf5, 0x32, 0x0b, 0xa4, 0x14, 0x6d, 0x62, 0x40, 0x50, 0x28, 0x09, 0xd7, 0xc3, 0x55, 0xba, 0xb6,
    0xeb, 0xea, 0x6a, 0xe9, 0xe9, 0xd9, 0x56, 0x3c, 0x63, 0xb2, 0xe7, 0x28, 0x5f, 0x86, 0x07, 0xdf,
    0x2f, 0xef, 0x22, 0xe9, 0x61, 0x8e, 0xc6, 0x57, 0xb0, 0x95, 0x31, 0x83, 0x2a, 0x39, 0xc8, 0x2b,
    0x78, 0xcd, 0x51, 0x76, 0xed, 0x1a, 0x0c, 0x4e, 0xa3, 0xb9, 0x4d, 0x9d, 0x06, 0xbe, 0x46, 0x2d,
    0x7e, 0x8d, 0xcc, 0xc9, 0xb1, 0x16, 0x1b, 0x94, 0x7f, 0xd4, 0x85, 0xce, 0x64, 0xe7, 0x00, 0x5b,
    0x28, 0x5e, 0xe7, 0x7f, 0xe1, 0x8d, 0x93, 0x8f, 0x15, 0x0a, 0x5f, 0x9c, 0x60, 0x53, 0xf2, 0xd4,
    0xbb, 0xd3, 0x9d, 0xc9, 0x2c, 0xe5, 0x9d, 0x86, 0xf2, 0x4e, 0xb1, 0x2a, 0x37, 0xbe, 0x09, 0xce,
    0xa0, 0x2b, 0x50, 0x1e, 0xab, 0xb4, 0xf7, 0x05, 0xa9, 0xd7, 0x4b, 0x29, 0xb1, 0x63, 0x53, 0x0c,
    0xea, 0x9f, 0x91, 0x01, 0x3b, 0x40, 0x9a, 0xc4, 0x76, 0x0e, 0xdf, 0x3f, 0x6f, 0xc2, 0xc5, 0x87,
    0xcc, 0xd7, 0x7c, 0x95, 0x5e, 0x0f, 0x17, 0xdb, 0xc7, 0x07, 0xad, 0x2c, 0x10, 0x83, 0x57, 0x40,
    0x0e, 0x40, 0x92, 0x72, 0x0e, 0x8f, 0x18, 0xdb, 0x1a, 0xcd, 0x78, 0x50, 0xcf, 0x38, 0x1a, 0xcd,
    0x5f, 0xa2, 0x0d, 0x6e, 0x72, 0xe0, 0x7b, 0x19, 0xe6, 0x93, 0xf0, 0x73, 0x3d, 0x20, 0xb4, 0x04,
    0x40, 0xb3, 0xee, 0x57, 0x96, 0x84, 0x28, 0xe7, 0x5c, 0xfb, 0x71, 0xa0, 0x14, 0x3d, 0x19, 0x64,
    0xfb, 0xb9, 0x03, 0x96, 0x2f, 0xc1, 0x5d, 0x77, 0x59, 0x95, 0x4f, 0xc3, 0xd4, 0xdd, 0xc8, 0x03,
    0xd9, 0x5f, 0xb2, 0xe7, 0x1d, 0x4b, 0xb2, 0x15, 0xee, 0x4d, 0x4f, 0xa4, 0xc5, 0x0f, 0xc4, 0xf5,
    0x7a, 0x58, 0xe9, 0x29, 0x03, 0xaf, 0x21, 0x7d, 0xbe, 0x84, 0xd0, 0xd1, 0x56, 0x9f, 0xc9, 0xab,
    0x5e, 0xe1, 0x07, 0xbf, 0xd3, 0x56, 0x1e, 0x93, 0xe5, 0x9c, 0x8e, 0x6f, 0x2d, 0xfe, 0xf6, 0x6b,
    0x3a, 0x73, 0xe8, 0x03, 0x1d, 0xfe, 0xc8, 0xa2, 0x21, 0x69, 0xa4, 0xa7, 0x98, 0x31, 0x90, 0x7f,
    0xe5, 0x60, 0x16, 0x63, 0xbe, 0xea, 0x68, 0xa4, 0x2f, 0x2b, 0xaa, 0x13, 0xe2, 0x0e, 0x34, 0x5b,
    0x33, 0x8b, 0x67, 0x29, 0xbf, 0x3a, 0x10, 0x24, 0x4e, 0x78, 0x94, 0x2e, 0x62, 0x97, 0x32, 0xb5,
    0x57, 0xe5, 0xff, 0x55, 0x7c, 0x27, 0x64, 0xc7, 0xd0, 0x8b, 0xb7, 0xb7, 0x54, 0x95, 0xcb, 0xbe,
    0x1c, 0x08, 0xd8, 0x9d, 0xb8, 0xa7, 0x5b, 0xcc, 0x2a, 0x19, 0x50, 0x70, 0x96, 0xa2, 0x66, 0xfe,
    0x0d, 0x6d, 0x49, 0xdd, 0x60, 0x05, 0xc6, 0xc4, 0x5a, 0x18, 0x68, 0xd1, 0x44, 0x87, 0xa4, 0x87,
    0xb2, 0x1e, 0xca, 0x09, 0x7b, 0x59, 0x87, 0xe9, 0xa6, 0x30, 0x23, 0xd8, 0xac, 0xef, 0x3b, 0xe3,
    0x20, 0x7a, 0x87, 0xc4, 0x7c, 0xa6, 0x36, 0x4f, 0x74, 0x98, 0x5a, 0xb8, 0xb7, 0xdc, 0x9f, 0xd1,
    0x56, 0x12, 0x19, 0x4c, 0x42, 0xd0, 0x30, 0xfd, 0x89, 0x55, 0x3e, 0x04, 0xd2, 0xab, 0x81, 0x71,
    0x78, 0x1d, 0x46, 0x16, 0x5a, 0x54, 0x3b, 0xf5, 0x16, 0x1b, 0xb2, 0x53, 0x6c, 0x1c, 0xb5, 0x53,
    0x93, 0x95, 0x8d, 0x7f, 0xa6, 0xd3, 0x50, 0x04, 0x0a, 0x2f, 0xe4, 0x77, 0x14, 0x7c, 0x14, 0x26,
    0x0c, 0xec, 0xfd, 0xe4, 0x7a, 0x41, 0xf0, 0xa9, 0x85, 0x3e, 0xb1, 0xfc, 0x40, 0xc7, 0xb3, 0xc4,
    0x13, 0xac, 0x6b, 0x0d, 0xb5, 0x56, 0x36, 0x87, 0x91, 0xa6, 0xeb, 0xcf, 0x06, 0xab, 0xff, 0x2b,
    0x54, 0xad, 0xfc, 0x40, 0xc5, 0x36, 0xa9, 0xe3, 0x0d, 0x28, 0x8e, 0x8a, 0xbb, 0xab, 0x0b, 0xbb,
    0xfe, 0x86, 0x32, 0x11, 0xa5, 0x8a, 0xde, 0x5e, 0x98, 0xfb, 0xcc, 0xb0, 0xbd, 0xc0, 0x44, 0xd9,
    0x7c, 0x12, 0xc9, 0xb3, 0x2a, 0xbd, 0x4c, 0xf0, 0xfd, 0x97, 0xa3, 0x0c, 0x88, 0xa6, 0x9c, 0xfb,
    0x67, 0xfc, 0x6b, 0x3e, 0x0a, 0xc6, 0x43, 0x4a, 0x34, 0x0d, 0x8b, 0x3a, 0xac, 0x49, 0x16, 0x1b,
    0xc9, 0xbd, 0x82, 0xef, 0xca, 0x59, 0x81, 0xf8, 0xbd, 0x7f, 0x0a, 0xbe, 0x48, 0x7e, 0x8e, 0x15,
    0x1e, 0x26, 0x7e, 0x32, 0x20, 0x1f, 0x5d, 0x5c, 0x13, 0xca, 0xa5, 0x20, 0x43, 0x15, 0x2b, 0xba,
    0x18, 0x7e, 0x0a, 0xf1, 0xa6, 0x41, 0xd4, 0x43, 0x2e, 0x08, 0x7b, 0x9d, 0xeb, 0x92, 0xd4, 0xf8,
    0xef, 0x22, 0xfe, 0xd1, 0x8a, 0x34, 0xf2, 0x08, 0x46, 0xe8, 0xe2, 0xb1, 0xc4, 0x61, 0xaf, 0xab,
    0xd0, 0xf0, 0x36, 0x2a, 0xb0, 0xc8, 0x55, 0x03, 0x2b, 0xe5, 0x64, 0x55, 0xf8, 0x9f, 0x01, 0x7c,
    0x5d, 0x25, 0xa6, 0x8c, 0x35, 0xd5, 0x19, 0x2c, 0x30, 0xfb, 0x55, 0x26, 0x91, 0x68, 0x98, 0xc6,
    0x6a, 0x26, 0x19, 0x7e, 0x80, 0xb6, 0xd7, 0xe8, 0xfb, 0x8e, 0xaf, 0x32, 0x69, 0x50, 0x14, 0xdd,
    0x1a, 0xe1, 0x02, 0x20, 0xe3, 0xd8, 0xe9, 0xfb, 0x40, 0xf2, 0x72, 0x1b, 0x4e, 0x8e, 0xf8, 0x67,
    0xcf, 0xc1, 0xbf, 0x77, 0x46, 0x1a, 0x25, 0x3e, 0x4e, 0x2f, 0xad, 0x8c, 0x8b, 0xea, 0xf9, 0x20,
    0xef, 0x99, 0x86, 0x1c, 0x69, 0x4d, 0x9c, 0x96, 0x5c, 0xc0, 0x16, 0xa8, 0xd3, 0xf7, 0xfc, 0x9e,
    0xb4, 0xe4, 0x35, 0x7c, 0x17, 0xd2, 0xd4, 0xb7, 0x45, 0xd3, 0xf3, 0x81, 0x4f, 0x27, 0xef, 0xe0,
    0x02, 0x32, 0x3f, 0x3e, 0xf0, 0x6d, 0xcf, 0x07, 0x77, 0xa1, 0x2f, 0x80, 0xed, 0x80, 0x6e, 0x21,
    0x74, 0xbf, 0xe5, 0xc7, 0xd6, 0xa6, 0x07, 0x7e, 0x98, 0x16, 0xe0, 0x8e, 0xb8, 0xf1, 0x58, 0x12,
    0x20, 0x46, 0x8c, 0x7f, 0xd7, 0x88, 0x3b, 0x91, 0x56, 0x98, 0x15, 0xbe, 0x27, 0xff, 0xfa, 0xeb,
    0xa1, 0x32, 0xab, 0xe0, 0xeb, 0x91, 0xf7, 0xca, 0x61, 0x8a, 0x6f, 0x44, 0x39, 0x5c, 0xb9, 0x3c,
    0xa2, 0xac, 0x51, 0x4e, 0x8c, 0x28, 0x47, 0x28, 0x9f, 0x8f, 0x28, 0x8f, 0x52, 0x3e, 0x1e, 0x51,
    0x1e, 0xad, 0xfc, 0x42, 0x2d, 0xaf, 0xa5, 0x45, 0xad, 0xf2, 0x2a, 0x2d, 0x0e, 0xb5, 0x8f, 0x51,
    0xb6, 0x0f, 0x6f, 0x8f, 0x54, 0x36, 0x04, 0xdb, 0xd5, 0xf2, 0x58, 0xe5, 0xe9, 0x11, 0x65, 0x9d,
    0xb2, 0x72, 0x44, 0x79, 0x9c, 0xb2, 0x74, 0x44, 0x79, 0xbc, 0x32, 0x6f, 0x24, 0x7e, 0x4e, 0x99,
    0x36, 0x82, 0x1e, 0xbd, 0x32, 0x76, 0xf8, 0x78, 0x13, 0x94, 0xbb, 0xdf, 0x8e, 0x80, 0x9f, 0xa8,
    0xf8, 0xbe, 0x1d, 0x0e, 0x3f, 0x49, 0xb9, 0x3c, 0xa2, 0x1c, 0xa5, 0x9c, 0x18, 0x51, 0x9e, 0xac,
    0x7c, 0x3e, 0xa2, 0x3c, 0x45, 0xf9, 0x78, 0x44, 0xf9, 0x3e, 0xe5, 0x17, 0x23, 0xca, 0xd1, 0x8a,
    0x34, 0xa2, 0x1c, 0xa3, 0x6c, 0x1f, 0x51, 0x9e, 0xaa, 0xbc, 0x30, 0xa2, 0x3c, 0x4d, 0x59, 0x37,
    0xa2, 0x1c, 0xab, 0x3c, 0x35, 0xa2, 0x3c, 0x5d, 0x59, 0xf2, 0xed, 0xb0, 0xf9, 0xcc, 0x50, 0xe6,
    0x8d, 0x9c, 0xcf, 0x4c, 0x7a, 0x39, 0x13, 0xaf, 0xde, 0x30, 0x18, 0x84, 0x31, 0x98, 0xcf, 0xe3,
    0x15, 0x2a, 0x7c, 0x41, 0x18, 0xb5, 0x0b, 0xef, 0xfd, 0x25, 0xe0, 0x49, 0x19, 0x7c, 0x52, 0x52,
    0x13, 0x12, 0x8c, 0x4c, 0x12, 0xcf, 0x17, 0x6e, 0x2c, 0xe5, 0x0b, 0x0b, 0x0c, 0x9b, 0x4b, 0x36,
    0x08, 0x1b, 0x0b, 0xf3, 0xca, 0x0a, 0xf3, 0x0b, 0xe6, 0xc6, 0x1b, 0x4a, 0x36, 0x19, 0x4a, 0xb7,
    0x16, 0x32, 0xab, 0x2c, 0xcb, 0x19, 0x5b, 0xe1, 0x7a, 0xa1, 0xac, 0x88, 0xdf, 0xc6, 0xac, 0xde,
    0x5c, 0x58, 0xe6, 0xd8, 0x50, 0xb2, 0x85, 0xd9, 0x58, 0xb8, 0x49, 0x60, 0x2c, 0x85, 0x1b, 0x4b,
    0xca, 0xb6, 0x19, 0x36, 0xe6, 0x97, 0x1a, 0x0a, 0xb7, 0x3a, 0xf3, 0x85, 0x72, 0x40, 0x32, 0x9f,
    0xb1, 0xae, 0x35, 0xaf, 0xb2, 0x3f, 0xc8, 0xcc, 0x29, 0x87, 0xca, 0xf5, 0x85, 0xa5, 0x7c, 0x11,
    0x20, 0xca, 0xe7, 0x0d, 0x73, 0xb6, 0xce, 0x37, 0x98, 0xcb, 0xca, 0x4a, 0xca, 0x0c, 0xeb, 0x4b,
    0x0a, 0x0a, 0x1f, 0x87, 0x32, 0xa0, 0x7d, 0x1e, 0xf0, 0xf0, 0x86, 0x4d, 0x25, 0xbc, 0xa1, 0xb4,
    0xac, 0xb0, 0x1c, 0x9e, 0x19, 0x18, 0xd2, 0x00, 0x83, 0x94, 0x63, 0x2f, 0xbe, 0xa4, 0xc4, 0x50,
    0xb2, 0xa1, 0x80, 0x59, 0xbe, 0x69, 0x73, 0xfe, 0x86, 0xa2, 0x02, 0x43, 0x49, 0x29, 0x76, 0x65,
    0xd6, 0x40, 0xf5, 0xc6, 0xfc, 0x4d, 0xdb, 0x0c, 0xe6, 0xc5, 0x0f, 0x27, 0x18, 0xa0, 0x53, 0x59,
    0x51, 0x61, 0xf9, 0x2c, 0x26, 0xa5, 0x44, 0xd8, 0x50, 0x40, 0x71, 0x15, 0x6e, 0xca, 0x7f, 0x6e,
    0x43, 0xa1, 0x21, 0x09, 0x5a, 0x37, 0x14, 0x6d, 0x2a, 0x64, 0x6c, 0xcb, 0x2d, 0xa9, 0x0c, 0x93,
    0x0c, 0xf3, 0x7a, 0xa1, 0xb4, 0xa4, 0x08, 0x06, 0x49, 0x2f, 0xdc, 0x54, 0x58, 0x96, 0xbf, 0x01,
    0x06, 0x2d, 0xe1, 0x0b, 0xd7, 0x53, 0x0a, 0x1d, 0xf9, 0xc2, 0x06, 0x9e, 0x49, 0x2d, 0x2a, 0x7f,
    0xc1, 0x50, 0x48, 0xa9, 0x44, 0x7a, 0x53, 0xcb, 0x8a, 0x36, 0x17, 0x22, 0xa5, 0x79, 0xe6, 0x94,
    0x8c, 0xbc, 0x34, 0x5b, 0x1e, 0x63, 0x4e, 0x5b, 0x6e, 0xb0, 0x26, 0x65, 0xad, 0xc1, 0x59, 0x1a,
    0x8a, 0x36, 0x95, 0xf3, 0xf9, 0x1b, 0x36, 0xe4, 0x53, 0x04, 0xeb, 0x9d, 0x85, 0xeb, 0x5f, 0x00,
    0x34, 0x45, 0x1b, 0x0a, 0x0b, 0x70, 0x16, 0x8f, 0x1b, 0x6c, 0xc2, 0xfa, 0xf5, 0x85, 0xe5, 0xe5,
    0x0e, 0x61, 0xc3, 0x86, 0x6d, 0x00, 0x5b, 0xc4, 0x17, 0xc1, 0x2c, 0x5e, 0x2a, 0x2c, 0x88, 0x64,
    0x78, 0x07, 0x5f, 0x0a, 0xed, 0x85, 0x65, 0x30, 0x53, 0x43, 0x51, 0xb9, 0x01, 0x66, 0x5e, 0x50,
    0xb4, 0xe9, 0x79, 0x03, 0xef, 0x2c, 0x34, 0x38, 0x00, 0x01, 0x40, 0x1b, 0xca, 0x37, 0x02, 0x6a,
    0x68, 0x2e, 0xcd, 0x5f, 0xff, 0x42, 0x21, 0x5f, 0x6e, 0x98, 0x5b, 0xc4, 0x23, 0x1c, 0x30, 0xb2,
    0xc0, 0xf0, 0xdc, 0x36, 0xbe, 0xb0, 0x3c, 0x7e, 0x9e, 0xa1, 0xa0, 0x64, 0xcb, 0xa6, 0x0d, 0x25,
    0xf9, 0x05, 0x86, 0x8d, 0x45, 0xcf, 0x3b, 0x79, 0x03, 0x9f, 0xff, 0x42, 0xa1, 0x61, 0x43, 0xc9,
    0xa6, 0xe7, 0x0b, 0xcb, 0xe6, 0x47, 0x32, 0x69, 0x49, 0x6b, 0x16, 0x3e, 0xcc, 0xa4, 0x51, 0x82,
    0x80, 0x95, 0x06, 0x0a, 0x08, 0x04, 0x3f, 0x5f, 0x68, 0x58, 0x38, 0x9f, 0x59, 0xf0, 0x5c, 0x49,
    0x09, 0xbf, 0x60, 0x43, 0xd1, 0x46, 0x60, 0xd0, 0x43, 0xcf, 0x15, 0x95, 0x94, 0xcf, 0x2f, 0xdf,
    0x56, 0xce, 0x7c, 0xa7, 0x6c, 0x28, 0x07, 0x7a, 0x81, 0x98, 0xf5, 0x25, 0x65, 0x65, 0xc0, 0x27,
    0x40, 0x3a, 0x6d, 0xdd, 0x42, 0xe3, 0x46, 0x6b, 0xd2, 0xaa, 0xe5, 0x29, 0xf0, 0xf4, 0xd8, 0x12,
    0xe3, 0xc6, 0x69, 0xeb, 0x12, 0x36, 0x3e, 0x6e, 0x60, 0x92, 0x80, 0xf1, 0x9b, 0x1e, 0x12, 0xca,
    0x29, 0xe3, 0x37, 0x0e, 0x93, 0x0b, 0x58, 0x9d, 0x6d, 0x38, 0x45, 0xe0, 0x55, 0x51, 0x41, 0xa1,
    0x21, 0xdf, 0x10, 0x84, 0x29, 0x57, 0xf9, 0x3e, 0x7f, 0xd8, 0xb2, 0x15, 0x14, 0xf2, 0x85, 0x65,
    0x38, 0xbe, 0x01, 0x69, 0x33, 0x14, 0x20, 0xf3, 0x19, 0x3a, 0x16, 0x0c, 0x90, 0xb0, 0x95, 0xb1,
    0x82, 0x88, 0x94, 0x03, 0x86, 0x17, 0x0a, 0xb7, 0xe1, 0x7c, 0xca, 0x0a, 0x79, 0xa1, 0x0c, 0x85,
    0xc4, 0x30, 0xa7, 0x7c, 0x7e, 0x90, 0xa5, 0x29, 0x1b, 0x4a, 0xca, 0x0b, 0xe9, 0x22, 0x08, 0x65,
    0x85, 0xb0, 0x9a, 0x9b, 0x8b, 0x50, 0x90, 0xa0, 0x73, 0x02, 0x63, 0xe3, 0x81, 0x91, 0x7c, 0x59,
    0xfe, 0xfa, 0xc2, 0xc7, 0x23, 0x19, 0x83, 0x61, 0xdd, 0x9c, 0xd2, 0xdc, 0x48, 0x26, 0x03, 0xf8,
    0x16, 0x22, 0x17, 0xd8, 0x5d, 0xb2, 0x3e, 0x9f, 0x2f, 0x29, 0x7b, 0xdc, 0xb0, 0x5a, 0xe0, 0x0d,
    0x25, 0x8e, 0x60, 0x83, 0x2a, 0xd0, 0xc0, 0xb9, 0x32, 0x61, 0x3d, 0x8c, 0x08, 0xa4, 0x17, 0x3d,
    0xbf, 0x29, 0x9f, 0x3e, 0x21, 0x5f, 0x04, 0x54, 0x1d, 0x26, 0xb9, 0x44, 0xd8, 0x54, 0x60, 0x28,
    0xcb, 0x07, 0xde, 0x53, 0xb1, 0x2f, 0x2c, 0x80, 0x4a, 0x2b, 0xf2, 0x5a, 0x15, 0xac, 0x27, 0x9f,
    0x7c, 0x92, 0x29, 0x2c, 0x28, 0x02, 0xec, 0xb8, 0x2e, 0xcc, 0xfc, 0x05, 0x4c, 0x24, 0xb3, 0x6a,
    0x4d, 0x9a, 0x2d, 0xa4, 0x43, 0xc1, 0xc1, 0x55, 0x49, 0xa4, 0xd4, 0xcf, 0x67, 0x66, 0xc1, 0xc0,
    0x4c, 0x6a, 0xe1, 0xe6, 0xa2, 0xf5, 0x85, 0x94, 0x3f, 0xf9, 0x9b, 0xa1, 0x05, 0x99, 0x37, 0xa4,
    0x10, 0x6b, 0x6c, 0x36, 0x26, 0x72, 0xd6, 0x2c, 0x83, 0x4d, 0x5d, 0x55, 0x55, 0x76, 0x10, 0xd4,
    0x81, 0xe4, 0xcc, 0xc2, 0xa6, 0x8c, 0x7c, 0x90, 0xe0, 0x6d, 0x25, 0x02, 0xd0, 0x5a, 0x5a, 0x04,
    0x82, 0xf0, 0xdd, 0x15, 0x06, 0xf6, 0xa1, 0xd4, 0x95, 0x01, 0xc7, 0xe7, 0x19, 0xa8, 0x50, 0xc0,
    0x8f, 0x0a, 0x34, 0xcf, 0x00, 0x6a, 0x30, 0x5c, 0x4e, 0x10, 0x5f, 0x41, 0x11, 0x4a, 0x42, 0x09,
    0xaa, 0x1c, 0xb2, 0xa8, 0x04, 0x56, 0x0b, 0x7e, 0x10, 0x45, 0x69, 0x7e, 0x19, 0x5f, 0x84, 0x33,
    0x28, 0x47, 0xd3, 0x81, 0x35, 0xea, 0x32, 0xd2, 0x09, 0x3c, 0x19, 0x19, 0xc9, 0x7c, 0x4f, 0xda,
    0xd4, 0x05, 0x4d, 0x59, 0x93, 0xb5, 0xf2, 0xc1, 0xa4, 0x95, 0x6b, 0x1e, 0x4c, 0x35, 0xaf, 0x54,
    0xd7, 0x15, 0xfb, 0xcd, 0x57, 0x17, 0xec, 0xa1, 0xf2, 0xa0, 0x8d, 0x50, 0xd9, 0x98, 0xb4, 0x01,
    0x78, 0x4f, 0xcb, 0x54, 0xdd, 0x18, 0x4b, 0xfe, 0x7a, 0x27, 0x0a, 0x8c, 0x5a, 0x0a, 0x0e, 0xf0,
    0xbd, 0x71, 0xe6, 0x03, 0xbb, 0xbf, 0xc7, 0xe7, 0x72, 0x98, 0x4a, 0x39, 0x16, 0xb7, 0xc0, 0x4a,
    0xa9, 0xd2, 0x73, 0x4f, 0x57, 0x4a, 0x4a, 0x0b, 0x37, 0xa9, 0xdc, 0x9c, 0xb3, 0x15, 0xb9, 0xf0,
    0x1c, 0xa8, 0x8e, 0xaa, 0x88, 0x54, 0x25, 0x46, 0x68, 0xcf, 0xff, 0x57, 0x89, 0x9e, 0x13, 0x8a,
    0x40, 0xc2, 0x97, 0xa7, 0x82, 0x96, 0x82, 0x52, 0xf3, 0xeb, 0x9d, 0xa0, 0x47, 0x66, 0x90, 0x16,
    0xe4, 0x1b, 0xca, 0xe3, 0x7c, 0x03, 0x28, 0xc1, 0xa6, 0xcd, 0x30, 0x2b, 0x20, 0x0b, 0xac, 0xd2,
    0xc6, 0x7f, 0x2a, 0x12, 0x40, 0x65, 0x6a, 0x89, 0x80, 0xaa, 0xa3, 0xb2, 0x62, 0xeb, 0xe2, 0xc7,
    0x18, 0x7b, 0x51, 0x19, 0x2f, 0x80, 0x24, 0x94, 0x53, 0x30, 0xa6, 0xa8, 0xbc, 0xc4, 0xf4, 0xe8,
    0xa3, 0x09, 0x30, 0x11, 0x00, 0xdf, 0x94, 0xbf, 0xb1, 0x50, 0xd5, 0xdf, 0x21, 0x79, 0x4c, 0x30,
    0x3e, 0xbc, 0x70, 0xd1, 0x23, 0x8f, 0x3e, 0xb6, 0xd8, 0x94, 0xff, 0xdc, 0xfa, 0x82, 0x42, 0x47,
    0x50, 0x0d, 0x0c, 0x4b, 0xe7, 0x94, 0x3f, 0x38, 0xa7, 0xf4, 0x89, 0x48, 0x66, 0xb9, 0x6d, 0xb5,
    0x8a, 0x60, 0x53, 0x09, 0xd8, 0xc6, 0xa2, 0x8d, 0xf9, 0x40, 0x86, 0xea, 0x14, 0x60, 0x19, 0xcb,
    0xd7, 0x97, 0x15, 0x95, 0xa2, 0x00, 0xcf, 0x42, 0x1b, 0xfd, 0xcf, 0x94, 0x40, 0xe5, 0x62, 0x16,
    0xb8, 0x8f, 0x7b, 0x2a, 0x58, 0xf8, 0x9c, 0xf0, 0x3c, 0xb3, 0x36, 0xcd, 0x9c, 0xc5, 0xcc, 0xdd,
    0x04, 0x86, 0x30, 0x3e, 0x08, 0x14, 0x92, 0xe0, 0xe5, 0xd6, 0xcd, 0x8b, 0x0c, 0xf9, 0x05, 0x05,
    0x28, 0x09, 0x8f, 0x1b, 0xee, 0x9f, 0x53, 0x7e, 0x3f, 0x43, 0x1d, 0x97, 0x06, 0x9c, 0x96, 0x9e,
    0x0d, 0xd3, 0x68, 0xf5, 0x86, 0xc4, 0x4a, 0xea, 0xc8, 0xc0, 0x81, 0xcd, 0x87, 0xff, 0xf8, 0x59,
    0xc0, 0xd0, 0x25, 0x65, 0xba, 0x66, 0xb3, 0x4c, 0xda, 0x1c, 0xf5, 0x93, 0x17, 0xfc, 0xfd, 0xf7,
    0x39, 0xf7, 0xea, 0xb0, 0x1d, 0x5f, 0x53, 0x1f, 0x0d, 0x31, 0x5e, 0x33, 0x64, 0xe2, 0x6f, 0x40,
    0x98, 0x77, 0x1e, 0x7e, 0xbf, 0x81, 0xba, 0x95, 0xf0, 0x9c, 0x01, 0x39, 0xf7, 0x9a, 0x34, 0x7c,
    0x1b, 0x80, 0x65, 0x72, 0xe1, 0x13, 0x07, 0x75, 0xc9, 0x90, 0x32, 0xbd, 0x03, 0xbf, 0x9a, 0x54,
    0xb5, 0x3e, 0x1f, 0xda, 0xed, 0x50, 0xe7, 0x80, 0xcf, 0xab, 0x50, 0x5f, 0x18, 0x84, 0xff, 0xff,
    0x7d, 0xfe, 0x8a, 0xaf, 0x06, 0x3c, 0xc1, 0x32, 0xaf, 0xc3, 0xe7, 0x5d, 0xf8, 0xec, 0x85, 0x8f,
    0x1b, 0x3e, 0x2d, 0xf0, 0x69, 0x87, 0x8f, 0x1f, 0x3e, 0xcc, 0x93, 0x2c, 0xa3, 0x87, 0x8f, 0x01,
    0x3e, 0x09, 0xf0, 0x49, 0x84, 0x8f, 0x15, 0x3e, 0xcf, 0xc2, 0xa7, 0x14, 0x3e, 0x95, 0xf0, 0x79,
    0x1d, 0x3e, 0xef, 0xc2, 0x67, 0x2f, 0x7c, 0xdc, 0xf0, 0x69, 0x81, 0x4f, 0x3b, 0x7c, 0xfc, 0x78,
    0x63, 0x09, 0xc6, 0xd0, 0xc3, 0xc7, 0x00, 0x9f, 0x04, 0xf8, 0x24, 0xc2, 0xc7, 0x0a, 0x9f, 0x67,
    0xe1, 0x53, 0x0a, 0x1f, 0xf4, 0xfd, 0x51, 0xb8, 0x77, 0x87, 0x97, 0xf6, 0x56, 0x65, 0x33, 0xfc,
    0xba, 0xb1, 0xbf, 0x6a, 0x29, 0xdf, 0xf3, 0xc3, 0xaf, 0x62, 0x78, 0xef, 0xba, 0x5b, 0x57, 0x59,
    0x6f, 0x87, 0x86, 0x4f, 0x84, 0xd8, 0xb5, 0xbc, 0xb4, 0x68, 0x93, 0x50, 0xca, 0x4c, 0xbd, 0xc5,
    0x30, 0x79, 0x79, 0x42, 0x41, 0xd1, 0xe6, 0x8d, 0x25, 0x05, 0x05, 0x45, 0x8b, 0x18, 0xa1, 0x17,
    0x2b, 0x68, 0x61, 0x21, 0xd3, 0xd1, 0x1b, 0x6a, 0xc5, 0x92, 0xbf, 0x8f, 0x96, 0x82, 0x6d, 0xbd,
    0xfd, 0x0c, 0x03, 0xda, 0xf4, 0x02, 0x0d, 0x1d, 0xf2, 0xca, 0xa9, 0x81, 0x28, 0x67, 0x2e, 0xdf,
    0x0e, 0xd6, 0xae, 0x87, 0x6a, 0xbe, 0x30, 0xaf, 0x68, 0x53, 0x41, 0xe1, 0x56, 0x46, 0x84, 0xd0,
    0x84, 0x7a, 0x05, 0x66, 0x6c, 0x18, 0xcb, 0x50, 0x7f, 0xb4, 0x30, 0x0f, 0xbd, 0x23, 0x33, 0x00,
    0x65, 0x47, 0x3e, 0xbf, 0xf0, 0xe1, 0xbc, 0xe7, 0x0b, 0xf9, 0x3c, 0xb0, 0x74, 0x85, 0x1b, 0x98,
    0x69, 0xe1, 0xa1, 0x3a, 0x04, 0xc9, 0x5b, 0x5f, 0xb2, 0x89, 0x2f, 0xdc, 0xca, 0x33, 0xb3, 0x23,
    0x42, 0xd5, 0xa8, 0xa9, 0xcc, 0xf9, 0x51, 0xc3, 0x8b, 0x00, 0xca, 0x2c, 0x8d, 0x64, 0x99, 0xf5,
    0x60, 0x1c, 0x0a, 0xf3, 0xd6, 0x6f, 0xc0, 0xb8, 0xa4, 0x2c, 0x6f, 0xbd, 0x33, 0x1f, 0xea, 0xf1,
    0x6f, 0x5d, 0xa8, 0x90, 0x48, 0x2a, 0x83, 0x7f, 0xf3, 0x42, 0x2d, 0xae, 0x47, 0xcf, 0xc1, 0x98,
    0xa0, 0x4c, 0xe7, 0x30, 0xb2, 0x97, 0x49, 0xf7, 0x9d, 0x6a, 0x47, 0x59, 0xc9, 0xc6, 0x3c, 0xf0,
    0x6f, 0xcc, 0xd7, 0xd0, 0xe2, 0x28, 0x1f, 0x46, 0xb0, 0xff, 0x5e, 0xc5, 0xf3, 0x42, 0x51, 0x01,
    0xd3, 0x87, 0x65, 0x4a, 0x64, 0xf9, 0x38, 0x78, 0x52, 0x87, 0xa9, 0xc3, 0x47, 0x4a, 0xc0, 0xd5,
    0xd0, 0x13, 0x68, 0x3b, 0xf3, 0x8f, 0x61, 0x05, 0x64, 0x7b, 0x21, 0xb3, 0x83, 0x63, 0x43, 0x5a,
    0xad, 0xce, 0x14, 0x5f, 0xee, 0x0b, 0x55, 0xa8, 0x08, 0x86, 0x55, 0xa8, 0xc8, 0x7b, 0x68, 0x0d,
    0xa8, 0x2f, 0x04, 0x3a, 0x9a, 0x49, 0x2c, 0xc3, 0x97, 0x08, 0xa5, 0xa5, 0x85, 0x65, 0x4c, 0x34,
    0x3c, 0xe7, 0x3f, 0x57, 0xce, 0xfc, 0x60, 0x12, 0xb2, 0xbd, 0x6c, 0x7d, 0xe9, 0x36, 0x66, 0x45,
    0xf0, 0x71, 0x63, 0x29, 0x53, 0x19, 0x7c, 0xcc, 0x87, 0xd5, 0x83, 0xe2, 0x5d, 0xb5, 0xb8, 0x09,
    0x9f, 0x97, 0x46, 0x05, 0x9f, 0x83, 0x6d, 0x1f, 0xaa, 0x65, 0x30, 0x31, 0xcc, 0x67, 0xf0, 0x08,
    0xb6, 0x8e, 0xcf, 0x03, 0xc3, 0xb0, 0x89, 0x79, 0x70, 0x32, 0xcb, 0x80, 0x61, 0xc9, 0xe3, 0x4b,
    0xf2, 0x70, 0xf0, 0x54, 0x28, 0x16, 0x14, 0x3d, 0x0f, 0xcb, 0x16, 0xac, 0xd8, 0x31, 0x99, 0x76,
    0x04, 0x82, 0x8a, 0x98, 0x6f, 0xe1, 0x19, 0x99, 0x04, 0x14, 0x81, 0x81, 0x01, 0xe9, 0x28, 0xcd,
    0xe7, 0x9d, 0x4c, 0xe6, 0x7d, 0x20, 0xb9, 0xf9, 0x9b, 0x8a, 0xd6, 0x33, 0x71, 0xd1, 0x2c, 0x33,
    0x2c, 0x1e, 0x65, 0x46, 0x4f, 0x05, 0xf8, 0x52, 0xfe, 0x1e, 0x63, 0x7f, 0x3e, 0x15, 0xa7, 0x99,
    0x47, 0xcd, 0x48, 0xde, 0xc6, 0xe7, 0xca, 0x98, 0x95, 0xb1, 0x2c, 0x03, 0xbf, 0x14, 0x02, 0xda,
    0x5f, 0x89, 0x45, 0x54, 0x65, 0xb4, 0x07, 0x13, 0x79, 0xff, 0x10, 0x36, 0x6c, 0x7e, 0x6e, 0x9b,
    0x8a, 0x63, 0xe7, 0xf7, 0xaa, 0x1d, 0xe5, 0xea, 0x32, 0x9e, 0xfa, 0x5e, 0xcb, 0xfa, 0x92, 0x92,
    0xb2, 0x02, 0x66, 0xfc, 0xec, 0xef, 0xd6, 0xa3, 0x99, 0xcf, 0x53, 0x63, 0x15, 0x13, 0x34, 0xaa,
    0x7c, 0xcf, 0x42, 0x30, 0xf5, 0x71, 0xfb, 0x0f, 0xb0, 0x12, 0x84, 0x92, 0xc9, 0x9a, 0xab, 0x3e,
    0xe1, 0xec, 0x83, 0x8f, 0x5b, 0x99, 0xdb, 0xf1, 0xc1, 0x3e, 0x79, 0xe5, 0x43, 0x01, 0x0a, 0xf3,
    0x8b, 0x1f, 0x82, 0xf4, 0x82, 0x4b, 0xc8, 0x03, 0x57, 0x90, 0x47, 0xfd, 0x00, 0x53, 0xfb, 0x20,
    0xcc, 0xae, 0x70, 0x23, 0xc8, 0x9c, 0x5a, 0x91, 0x47, 0x63, 0x0d, 0xc6, 0x0b, 0xd5, 0xa5, 0x1b,
    0x37, 0xe6, 0x95, 0xe7, 0x63, 0x7c, 0x59, 0x5e, 0x98, 0x17, 0x0c, 0x87, 0x99, 0xdf, 0x2e, 0x50,
    0xf9, 0xab, 0xf6, 0x61, 0x2e, 0x2c, 0xc0, 0x85, 0x2a, 0x1a, 0x2a, 0x7f, 0x65, 0x54, 0x9b, 0xcb,
    0xf2, 0xb7, 0x84, 0xaa, 0xfa, 0x8d, 0x2a, 0x2a, 0x90, 0xc0, 0x42, 0x26, 0xe9, 0x61, 0xb5, 0x00,
    0xbc, 0xa7, 0xc3, 0xff, 0x1a, 0xca, 0xa0, 0x78, 0xc3, 0x08, 0xaa, 0xfb, 0x6e, 0x4d, 0x1e, 0xbf,
    0xad, 0xb4, 0x10, 0x1e, 0xc1, 0x31, 0x80, 0x2f, 0x68, 0xf9, 0x3f, 0x9b, 0x55, 0xe9, 0xbe, 0xbb,
    0x10, 0xe6, 0x84, 0x33, 0xa2, 0x4b, 0xb6, 0xc9, 0x51, 0xc2, 0xbc, 0xb3, 0xe8, 0x9f, 0xcd, 0x12,
    0x15, 0xfa, 0x3f, 0x1f, 0x51, 0x09, 0xda, 0x54, 0xb8, 0x25, 0x4f, 0x35, 0x1f, 0x9f, 0x3e, 0xc6,
    0x62, 0x9c, 0x0d, 0x0b, 0xb0, 0xa9, 0x20, 0x4f, 0x5d, 0x13, 0xe6, 0x58, 0xb0, 0x8e, 0xda, 0x13,
    0xb2, 0x98, 0xa5, 0xde, 0x46, 0xd5, 0x1c, 0xfd, 0x52, 0x10, 0xff, 0x87, 0x41, 0x49, 0x68, 0xa8,
    0xf0, 0x74, 0xb0, 0xa4, 0xa6, 0x0a, 0xcc, 0x98, 0x65, 0x41, 0xf6, 0x14, 0x42, 0x4a, 0xc1, 0xfc,
    0x6c, 0x19, 0xd2, 0x8e, 0xb9, 0x0b, 0x53, 0x17, 0x6a, 0x28, 0x2a, 0xe0, 0x19, 0xdc, 0x48, 0x64,
    0x43, 0x7f, 0xcc, 0x59, 0xff, 0x9d, 0xbf, 0xed, 0x8c, 0xaf, 0x3f, 0xfe, 0x22, 0xf8, 0xfb, 0x66,
    0xa8, 0x7c, 0x3a, 0x58, 0x3e, 0xad, 0x02, 0xfd, 0xc2, 0xa0, 0xfe, 0xbe, 0xc9, 0x30, 0xff, 0x0f,
    0xac, 0xe4, 0xef, 0xf3, 0x20, 0x5e, 0x00, 0x00,
};
